date,category,title,author,description,url,image_url
2025-04-25,Asia Fact Check Lab,Cross-strait shadows: Inside the Chinese influence campaign against Taiwan (Part III),"Zhuang Jing, Dong Zhe and Alan Lu for Asia Fact Check Lab",What appears to be a homegrown Taiwan show is in fact part of Beijing’s sophisticated influence operation.,https://www.rfa.org/english/factcheck/2025/04/25/afcl-china-ccp-propaganda-in-taiwan/,https://cloudfront-us-east-1.images.arcpublishing.com/radiofreeasia/VQSAJJOPCZBRJNKFAQAFNYGJWQ.jpg
2025-04-22,Asia Fact Check Lab,Did a US politician suggest selling all American beef to India instead of China?,Alicia Dong for Asia Fact Check Lab,Verdict: False,https://www.rfa.org/english/factcheck/2025/04/22/afcl-us-politician-china-tariff-remark/,https://cloudfront-us-east-1.images.arcpublishing.com/radiofreeasia/EPKRF7TW2ZGVHMCIC7NRL6QMJA.png
2025-04-15,Asia Fact Check Lab,Does a video show ‘panic buying’ in US after Trump introduced reciprocal tariffs?,Zhuang Jing for Asia Fact Check Lab,Verdict: False,https://www.rfa.org/english/factcheck/2025/04/15/afcl-us-panic-buying-trump-tariff/,https://cloudfront-us-east-1.images.arcpublishing.com/radiofreeasia/O5N7OPC6KRDBFDXC4EOYLOGXDU.png
2025-04-09,Asia Fact Check Lab,Media Watch: Fake news websites hijack Taiwan’s mainstream media,Dong Zhe and Zhuang Jing for Asia Fact Check Lab,Experts warn of ‘slime media’ – fake news sites posing as legitimate outlets to manipulate political discourse.,https://www.rfa.org/english/factcheck/2025/04/09/afcl-fake-news-websites-taiwan/,https://cloudfront-us-east-1.images.arcpublishing.com/radiofreeasia/4KLCTNWYXZH67GSKXOWJGVIW6Y.jpg
2025-04-07,Asia Fact Check Lab,Does a video show aftermath of Myanmar earthquake in March?,Zhuang Jing for Asia Fact Check Lab,Verdict: False,https://www.rfa.org/english/factcheck/2025/04/07/afcl-ai-video-myanmar-quake/,https://cloudfront-us-east-1.images.arcpublishing.com/radiofreeasia/32CX7FJDHRD45LBY3QYHAOAI2I.png
2025-03-28,Asia Fact Check Lab,Media Watch: online users target Taiwan with rumors about its military,Dong Zhe for Asia Fact Check Lab,Some falsely claim that Taiwan is conscripting citizens in preparation for a war with China.,https://www.rfa.org/english/factcheck/2025/03/28/afcl-taiwan-military-rumor/,https://cloudfront-us-east-1.images.arcpublishing.com/radiofreeasia/7SX2UCG6ABF4DKMNL2V3D7URYQ.JPG
2025-03-26,Asia Fact Check Lab,Does a video show Japanese foreign minister pulling out a chair for China’s Wang Yi?,Zhuang Jing for Asia Fact Check Lab,Verdict: False,https://www.rfa.org/english/factcheck/2025/03/26/afcl-china-japan-south-korea-summit/,https://cloudfront-us-east-1.images.arcpublishing.com/radiofreeasia/H3EEZPNLMFEPNHXRZ66PYJBTFU.png
2025-03-21,Asia Fact Check Lab,Does a video show Japan’s prime minister discussing Taiwan Strait?,Dong Zhe for Asia Fact Check Lab,Verdict: False,https://www.rfa.org/english/factcheck/2025/03/21/afcl-shigeru-ishiba-taiwan-straigt/,https://cloudfront-us-east-1.images.arcpublishing.com/radiofreeasia/55I3BNMYSBDEBAY4B5AVAOUAPQ.png
2025-03-18,Asia Fact Check Lab,Did France’s Macron demand the US to pay back debt from the Revolutionary War?,Rita Cheng for Asia Fact Check Lab,Verdict: False,https://www.rfa.org/english/factcheck/2025/03/18/afcl-france-macron-us-demand/,https://cloudfront-us-east-1.images.arcpublishing.com/radiofreeasia/CGGOCUH24ZFTRCPX3BX67XJ3NM.JPG
2025-03-14,Asia Fact Check Lab,Did European countries ban popular Chinese film ‘Ne Zha 2’?,Chi Te Lee for Asia Fact Check Lab,Verdict: False,https://www.rfa.org/english/factcheck/2025/03/14/afcl-ne-zha-film-europe-ban/,https://cloudfront-us-east-1.images.arcpublishing.com/radiofreeasia/B2AK5EFRVBFKXHSFEZ52HYMIWA.JPG
2025-03-12,Asia Fact Check Lab,Does a video show Taiwan training female military personnel?,Alicia Dong for RFA,Verdict: False,https://www.rfa.org/english/factcheck/2025/03/12/afcl-taiwan-female-military-video/,https://cloudfront-us-east-1.images.arcpublishing.com/radiofreeasia/X3LCT7VO5FC5JGWTE7SFR53RJM.JPG
2025-03-10,Asia Fact Check Lab,Media Watch: How US political satires amplify misinformation in China,Alan Lu for Asia Fact Check Lab,"Experts cited cultural differences as a main cause, among others.",https://www.rfa.org/english/factcheck/2025/03/10/afcl-us-propaganda-china-misinformation/,https://cloudfront-us-east-1.images.arcpublishing.com/radiofreeasia/ATQ55PJK5NAGRJUKXSHPUJDZGQ.JPG
2025-03-07,Asia Fact Check Lab,Has Obama been sued for being an ‘enemy of humanity’?,Alicia Dong for Asia Fact Check Lab,Verdict: Lack of evidence,https://www.rfa.org/english/factcheck/2025/03/07/afcl-us-obama-sue/,https://cloudfront-us-east-1.images.arcpublishing.com/radiofreeasia/JOTPE72SNRCDHMWL6ILQKE56GU.JPG
2025-03-05,Asia Fact Check Lab,Does a video show Taiwanese soldiers struggling during military drills?,Dong Zhe for Asia Fact Check Lab,Verdict: False,https://www.rfa.org/english/factcheck/2025/03/05/afcl-taiwan-soldier-amphibious-video/,https://cloudfront-us-east-1.images.arcpublishing.com/radiofreeasia/QQNY256BCFDB5B2QQG34JJ627Q.JPG
2025-03-03,Asia Fact Check Lab,Did an unqualified pilot fly the Delta Air lines’ plane that crashed in Toronto?,Zhuang Jing for Asia Fact Check Lab,Verdict: Lack of evidence,https://www.rfa.org/english/factcheck/2025/03/03/afcl-delta-toronto-crash-pilot/,https://cloudfront-us-east-1.images.arcpublishing.com/radiofreeasia/EAUSJG3KSJF2BDTLIX6Q5NW5BM.JPG
2025-02-26,Asia Fact Check Lab,Does a viral online video show Ukrainian leader Zelenskyy dancing?,Zhuang Jing for Asia Fact Check Lab,Verdict: False,https://www.rfa.org/english/factcheck/2025/02/26/afcl-zelenskyy-dancing-video/,https://cloudfront-us-east-1.images.arcpublishing.com/radiofreeasia/DVLN4RZS6FHTJCBEI6V2GNHANE.JPG
2025-02-21,Asia Fact Check Lab,Does a photo show Chinese and Canadian vessels in the South China Sea?,Dong Zhe for Asia Fact Check Lab,Verdict: False,https://www.rfa.org/english/factcheck/2025/02/21/afcl-china-canada-south-china-sea/,https://cloudfront-us-east-1.images.arcpublishing.com/radiofreeasia/6ZDAKC7SCBA2LPWH5B6CLOJMS4.JPG
2025-02-19,Asia Fact Check Lab,Does a video show France’s Macron snubbing the Indian leader at Paris AI summit?,Zhuang Jing for Asia Fact Check Lab,Verdict: Misleading,https://www.rfa.org/english/factcheck/2025/02/19/afcl-macron-modi-ai-summit/,https://cloudfront-us-east-1.images.arcpublishing.com/radiofreeasia/OG53OIR3PRFILECSRT5U4J6ZAY.JPG
2025-02-14,Asia Fact Check Lab,Has the US changed its official policy towards Taiwan under new government?,"Rita Cheng, Zhuang Jing and Alan Lu for Asia Fact Check Lab",Some Chinese online users targeted Taiwan with false claims as the new U.S. administration began its term.,https://www.rfa.org/english/factcheck/2025/02/14/afcl-us-taiwan-rumors/,https://cloudfront-us-east-1.images.arcpublishing.com/radiofreeasia/WPSVOKV4NZDAPGPX3VKTCT43WE.JPG
2025-02-12,Asia Fact Check Lab,Does a video show a crash of a US fighter jet?,Dong Zhe for Asia Fact Check Lab,Verdict: False,https://www.rfa.org/english/factcheck/2025/02/12/afcl-us-fighter-jet-crash-video/,https://cloudfront-us-east-1.images.arcpublishing.com/radiofreeasia/RWOM36QX7JC5FENTGBNIZPQ5PI.JPG
2025-02-11,Asia Fact Check Lab,Did a Taiwan official say he didn’t want Chinese tourists coming in bulk?,Dong Zhe for Asia Fact Check Lab,Verdict: Misleading,https://www.rfa.org/english/factcheck/2025/02/11/afcl-taiwan-china-tourist-ban-02112025/,https://cloudfront-us-east-1.images.arcpublishing.com/radiofreeasia/ZEPNIAABKRFSPJKQ6LPW3H5VOA.JPG
2025-02-10,Asia Fact Check Lab,Has the US imposed nation-wide ban on DeepSeek?,Zhuang Jing for Asia Fact Check Lab,Verdict: False,https://www.rfa.org/english/factcheck/2025/02/10/afcl-us-deep-seek-ban/,https://cloudfront-us-east-1.images.arcpublishing.com/radiofreeasia/ZFNTL7KKNRCFLEUBMD4KCAFMTE.JPG
2025-02-07,Asia Fact Check Lab,Did the US propose that scammers in Myanmar be called terrorists?,Dong Zhe for Asia Fact Check Lab,Verdict: False,https://www.rfa.org/english/factcheck/2025/02/07/afcl-us-myanmar-scammer-terrorist/,https://cloudfront-us-east-1.images.arcpublishing.com/radiofreeasia/PYM4R7GYNBAYTNC5VO5UR5V2YY.jpg
2025-02-06,Asia Fact Check Lab,Did Taiwan ‘severely punish’ students for supporting unification with China?,Dong Zhe for Asia Fact Check Lab,Verdict: False,https://www.rfa.org/english/factcheck/2025/02/06/afcl-taiwan-student-china-unification/,https://cloudfront-us-east-1.images.arcpublishing.com/radiofreeasia/MY5O2LI5IFHIZCMXJKEEQW4EBY.JPG
2025-02-05,Asia Fact Check Lab,Does a video show a New Year’s dance party on a Taiwanese navy vessel?,Alan Lu and Dong Zhe for Asia Fact Check Lab,Verdict: False,https://www.rfa.org/english/factcheck/2025/02/05/afcl-taiwan-ship-new-year-party/,https://cloudfront-us-east-1.images.arcpublishing.com/radiofreeasia/VJMJXFIOW5HPXFHMMY6TVKZ7NM.JPG
2025-02-04,Asia Fact Check Lab,Is a man in a viral video really a US army recruiter?,Zhuang Jing for Asia Fact Check Lab,Verdict: True,https://www.rfa.org/english/factcheck/2025/02/04/afcl-us-army-recruiter-video/,https://cloudfront-us-east-1.images.arcpublishing.com/radiofreeasia/PQQB67RY2VCCXHLZRULCFECXYM.JPG
2025-02-03,Asia Fact Check Lab,Did Denmark claim Greenland’s inhabitants were Mongolians?,Rita Cheng for Asia Fact Check Lab,Verdict: False,https://www.rfa.org/english/factcheck/2025/02/03/afcl-denmark-greenland-mongolia-fact-check/,https://cloudfront-us-east-1.images.arcpublishing.com/radiofreeasia/U4QS3QSCSBHZVEOXTHJHJVXKEY.JPG
2025-01-31,Asia Fact Check Lab,Is Boeing to blame for the plane crash in Washington?,Rita Cheng for Asia Fact Check Lab,Speculation on Chinese social media said flaws on the plane was responsible for the crash. Verdict: False,https://www.rfa.org/english/factcheck/2025/01/31/fact-check-washington-dc-plane-crash-boeing-atc-budget/,https://cloudfront-us-east-1.images.arcpublishing.com/radiofreeasia/YCVMDZOTPBDBLCLMXHQO26JM6U.JPG
2025-01-30,Asia Fact Check Lab,Does a photo show Taiwan cargo officials apologizing to China for shipping US tanks?,Zhuang Jing and Dong Zhe for Asia Fact Check Lab,Verdict: False.,https://www.rfa.org/english/factcheck/2025/01/30/taiwan-evergreen-cargo-ship-tanks-china-fact-check/,https://cloudfront-us-east-1.images.arcpublishing.com/radiofreeasia/YJAIJU5XQVGN5MBRZAXVSY5ZQI.JPG
2025-01-24,Asia Fact Check Lab,Did US President Trump’s son Barron mock Zelenskyy on social media?,Alan Lu for RFA,Verdict: Misleading,https://www.rfa.org/english/factcheck/2025/01/24/afcl-trump-barro-mock-zelenskyy/,https://cloudfront-us-east-1.images.arcpublishing.com/radiofreeasia/GGB4HA7XRVABNKPM4Q5EMA4Y2E.JPG
2025-01-22,Asia Fact Check Lab,Did Trump launch a cryptocurrency called ‘$POWER’?,Zhuang Jing for Asia Fact Check Lab,Verdict: False,https://www.rfa.org/english/factcheck/2025/01/22/afcl-trump-fake-crypto-currency/,https://cloudfront-us-east-1.images.arcpublishing.com/radiofreeasia/VQS5YG4PAJCJTGCWHTDCSYEPRM.JPG
2025-01-22,Asia Fact Check Lab,Did the Thai PM promise to rescue Chinese citizens from Myanmar on Beijing’s order?,Zhuang Jing for Asia Fact Check Lab,Verdict: False,https://www.rfa.org/english/factcheck/2025/01/22/afcl-thai-pm-myanmar-china/,https://cloudfront-us-east-1.images.arcpublishing.com/radiofreeasia/HBTO2K4DNFEL5NNWY2UYPTLYPA.JPG
2025-01-20,Asia Fact Check Lab,Did an all-robot Ukrainian unit destroy a Russian company of soldiers in December?,Alan Lu and Zhuang Jing for Asia Fact Check Lab,Verdict: False,https://www.rfa.org/english/factcheck/2025/01/20/afcl-ukraine-robot-unit-russia/,https://cloudfront-us-east-1.images.arcpublishing.com/radiofreeasia/NNLSMBNENBE3LAWLX4XLNAQOUU.JPG
2025-01-16,Asia Fact Check Lab,Is a video of a North Korean soldier captured by Ukraine digitally altered?,Jamin Anderson for RFA Korean and Alan Lu for Asia Fact Check Lab,Verdict: No,https://www.rfa.org/english/factcheck/2025/01/16/korea-ukraine-soldiers-video-fact-check/,https://cloudfront-us-east-1.images.arcpublishing.com/radiofreeasia/NI6JWNP7SBBATGE7YJUH7FTEAY.jpg
2025-01-16,Asia Fact Check Lab,Does a video show California engulfed by wildfires?,Zhuang Jing and Alan Lu for Asia Fact Check Lab,Verdict: False,https://www.rfa.org/english/factcheck/2025/01/16/afcl-california-wildfire-video/,https://cloudfront-us-east-1.images.arcpublishing.com/radiofreeasia/P5RDHD7XZFGN5HR6SZ72L36EAI.JPG
2025-01-10,Asia Fact Check Lab,Have California wildfires engulfed the iconic ‘Hollywood’ sign?,Rita Cheng,Verdict: False.,https://www.rfa.org/english/factcheck/2025/01/10/hollywood-sign-burning-california-wildfires-fact-check/,https://cloudfront-us-east-1.images.arcpublishing.com/radiofreeasia/MHWRG2QUTFDL5F77RW7BZFD7FQ.JPG
2025-01-08,Asia Fact Check Lab,Cross-strait shadows: Inside the Chinese influence campaign against Taiwan (Part II),"Dong Zhe, Alan Lu and Zhuang Jing for Asia Fact Check Lab",A seemingly spontaneous political comment exposed a calculated move in China’s influence campaign on Taiwan.,https://www.rfa.org/english/factcheck/2025/01/08/afcl-china-influene-taiwan-fujian/,https://cloudfront-us-east-1.images.arcpublishing.com/radiofreeasia/IZCLDWM235HZBOMASR3CIOOJU4.jpg
2025-01-06,Asia Fact Check Lab,Cross-strait shadows: Inside the Chinese influence campaign against Taiwan (Part I),"Zhuang Jing, Dong Zhe and Alan Lu for Asia Fact Check Lab",A pre-2024 Taiwan election poll exposed a secret network with ties to mainland China.,https://www.rfa.org/english/factcheck/2025/01/06/afcl-china-influence-campaign-taiwan/,https://cloudfront-us-east-1.images.arcpublishing.com/radiofreeasia/6SQRMTFMU5CCVDGOLTOKXFPG7U.jpg
2025-01-03,Asia Fact Check Lab,Did Syria fire all female judges after Bashar al-Assad’s fall?,Dong Zhe for Asia Fact Check Lab,Verdict: Lack of evidence,https://www.rfa.org/english/factcheck/2025/01/03/afcl-syria-female-judge/,https://cloudfront-us-east-1.images.arcpublishing.com/radiofreeasia/DWHUZKUFUVAVFCJMVH6JF7FVFA.png
2024-12-31,Asia Fact Check Lab,Does a video show ‘final moment’ of South Korean plane before crashing in Muan?,Zhuang Jing for Asia Fact Check Lab,Verdict: False,https://www.rfa.org/english/factcheck/2024/12/31/afcl-south-korea-plane-crash/,https://cloudfront-us-east-1.images.arcpublishing.com/radiofreeasia/IWTWWBILYBCL5IVQNCL37ZG2I4.png
2024-12-30,Asia Fact Check Lab,Did Trump rebuke Musk on the Truth Social platform?,Rita Cheng for Asia Fact Check Lab,Verdict: False,https://www.rfa.org/english/factcheck/2024/12/30/afcl-trump-rebuke-musk/,https://cloudfront-us-east-1.images.arcpublishing.com/radiofreeasia/Y3XZDVZQXFAO5IEQTAHM4JMN34.jpg
2024-12-27,Asia Fact Check Lab,Does a video show a funeral for a North Korean general killed in Ukraine war?,Zhuang Jing for Asia Fact Check Lab,Verdict: False,https://www.rfa.org/english/factcheck/2024/12/27/afcl-north-korean-general-funeral/,https://cloudfront-us-east-1.images.arcpublishing.com/radiofreeasia/L3B7J7IU2RHJPO66QN2BE4KICA.jpg
2024-12-24,Asia Fact Check Lab,Top 5 debunks of 2024 — Asia Fact Check Lab’s year in review,Asia Fact Check Lab,Taylor Swift and Vladimir Putin weren't spared from Chinese-language media's disinformation campaigns.,https://www.rfa.org/english/factcheck/2024/12/24/asia-fact-check-china-disinformation-best-2024/,https://cloudfront-us-east-1.images.arcpublishing.com/radiofreeasia/UHRZ2KVJHNEGNA4R3DHJKN7JR4.jpg
2024-12-23,Asia Fact Check Lab,Does a photo show COVID patients in China in December 2024?,Zhuang Jing for Asia Fact Check Lab,Verdict: Misleading,https://www.rfa.org/english/factcheck/2024/12/23/afcl-china-covid-surge-photo/,https://cloudfront-us-east-1.images.arcpublishing.com/radiofreeasia/7TU24XPJN5E4RG5HBVLB5EDFLM.JPG
2024-12-20,Asia Fact Check Lab,Media Watch: Rumors hit chipmaker Nvidia amid US-China row,Rita Cheng and Alan Lu for Asia Fact Check Lab,American chipmaker faces scrutiny as China launches an antitrust probe amid export controls.,https://www.rfa.org/english/factcheck/2024/12/20/afcl-china-nivida-rumors/,https://cloudfront-us-east-1.images.arcpublishing.com/radiofreeasia/ZLMJTZVBJJC6ZFAFJHQQTNLAVU.JPG
2024-12-13,Asia Fact Check Lab,Has the EU decided to cancel favorable trade treatment for Hong Kong?,Zhuang Jing for Asia Fact Check Lab,Verdict: Misleading,https://www.rfa.org/english/factcheck/2024/12/13/afcl-eu-hong-kong-trade/,https://cloudfront-us-east-1.images.arcpublishing.com/radiofreeasia/OJ6ZZOEH7BHXHAC46IISKLKO3U.JPG
2024-12-11,Asia Fact Check Lab,Did a Chinese tabloid publish a front-page story about Bashar al-Assad’s fall?,Rita Cheng for Asia Fact Check Lab,Verdict: False,https://www.rfa.org/english/factcheck/2024/12/11/afcl-global-times-assad/,https://cloudfront-us-east-1.images.arcpublishing.com/radiofreeasia/23SKULVMMJCKZDHZYLMUBGMQVU.JPG
2024-12-09,Asia Fact Check Lab,Did Japan classify mRNA vaccines ‘deadliest drug’ in history?,Dong Zhe for Asia Fact Check Lab,Verdict: False,https://www.rfa.org/english/factcheck/2024/12/09/afcl-japan-mrna-vaccine-covid/,https://cloudfront-us-east-1.images.arcpublishing.com/radiofreeasia/7CL4TJ2ATNGBNMNFPBKS63OTA4.JPG
2024-12-06,Asia Fact Check Lab,Does a video show Putin sending off his son to Ukraine?,Zhuang Jing for Asia Fact Check Lab,Verdict: False,https://www.rfa.org/english/factcheck/2024/12/06/afcl-putin-ukraine-son/,https://cloudfront-us-east-1.images.arcpublishing.com/radiofreeasia/3GVCZTTJQBGPVIVHOYQGCIHZHU.JPG
2024-12-04,Asia Fact Check Lab,Does a photo show armored vehicles in Seoul after South Korea declared martial law?,Rita Cheng for Asia Fact Check Lab,Verdict: False,https://www.rfa.org/english/factcheck/2024/12/04/afcl-korea-martial-law-photo/,https://cloudfront-us-east-1.images.arcpublishing.com/radiofreeasia/GJ7NQTFB35H3ZK7UW2EYZ4N7UA.JPG
2024-12-02,Asia Fact Check Lab,Media Watch: What’s behind Chinese officials’ social media diplomacy,Rita Cheng for Asia Fact Check Lab,Chinese diplomats have been clearly meddling in the domestic affairs of other nations.,https://www.rfa.org/english/factcheck/2024/12/02/afcl-china-official-social-media/,https://cloudfront-us-east-1.images.arcpublishing.com/radiofreeasia/VTKQC6FT2NF3ROAY5JMVXGXP6U.JPG
2024-11-28,Asia Fact Check Lab,Have 34 felony counts against Trump been dropped after US presidential election?,Alan Lu for Asia Fact Check Lab,Verdict: False,https://www.rfa.org/english/factcheck/2024/11/28/afcl-trump-felony-drop/,https://cloudfront-us-east-1.images.arcpublishing.com/radiofreeasia/7BKPECVGOJGPNBS6FUZLTO4CDQ.JPG
2024-11-25,Asia Fact Check Lab,Does a video show the repatriation of a US soldier killed in Ukraine?,Dong Zhe for Asia Fact Check Lab,Verdict: False,https://www.rfa.org/english/factcheck/2024/11/25/afcl-us-ukraine-repatriation/,https://cloudfront-us-east-1.images.arcpublishing.com/radiofreeasia/QWN2V2L7XFD6VDA45BOMAYLK4M.JPG
2024-11-22,Asia Fact Check Lab,Did California governor threaten to withhold state’s federal taxes?,Rita Cheng for Asia Fact Check Lab,Verdict: False,https://www.rfa.org/english/factcheck/2024/11/22/afcl-california-federal-tax/,https://cloudfront-us-east-1.images.arcpublishing.com/radiofreeasia/UDWFPA2N3FFEPKUZP5E7F67QOE.jpg
2024-11-20,Asia Fact Check Lab,Did Peru treat Xi and Biden differently during November APEC?,Zhuang Jing for Asia Fact Check Lab,Verdict: Misleading,https://www.rfa.org/english/factcheck/2024/11/20/afcl-apec-claim/,https://cloudfront-us-east-1.images.arcpublishing.com/radiofreeasia/KENOSV5JHNFKPDOVM3LIXGDF4M.JPG
2024-11-18,Asia Fact Check Lab,Does a video show a Chinese official’s authority over Israeli leader?,Dong Zhe for Asia Fact Check Lab,Verdict: Misleading,https://www.rfa.org/english/factcheck/2024/11/18/afcl-china-israel-video/,https://cloudfront-us-east-1.images.arcpublishing.com/radiofreeasia/6T6BUZANHBGZRPHEC5NZNMX26U.JPG
2024-11-15,Asia Fact Check Lab,"Media Watch: Online users target Trump, Harris with rumors after US election",Zhuang Jing and Alan Lu for Asia Fact Check Lab,Unverified claims and sensational narratives about both figures spread rapidly across Chinese social media.,https://www.rfa.org/english/factcheck/2024/11/15/afcl-post-us-election-rumors/,https://cloudfront-us-east-1.images.arcpublishing.com/radiofreeasia/G4S6AJM3I5HBPE7LRXXSYAXYFA.png
2024-11-13,Asia Fact Check Lab,Does a photo show refugees fleeing South Vietnam?,Taejun Kang for RFA,Verdict: False,https://www.rfa.org/english/factcheck/2024/11/13/afcl-not-vietnam-boat-photo/,https://cloudfront-us-east-1.images.arcpublishing.com/radiofreeasia/RQMG4L2LURCRLJHIPRREVGVH3A.png
2024-11-11,Asia Fact Check Lab,Did Harris back South Korea’s nuclearization during presidential debate?,Taejun Kang for RFA,Verdict: False,https://www.rfa.org/english/factcheck/2024/11/11/afcl-harris-korea-nuclearization/,https://cloudfront-us-east-1.images.arcpublishing.com/radiofreeasia/GK6ZBQWKLJBN7CEOVOMEYO37EU.png
2024-11-01,Asia Fact Check Lab,Does a photo show people lining up for a Trump rally in New York?,Zhuang Jing for Asia Fact Check Lab,Verdict: False,https://www.rfa.org/english/factcheck/2024/11/01/fact-check-trump-rally-photo/,https://cloudfront-us-east-1.images.arcpublishing.com/radiofreeasia/YMSVS7KM4VDJ3LBLSAUBCDFWOM.JPG
2024-11-01,Asia Fact Check Lab,Media Watch: Inter-Korean tension sparks rumors in China,"Dong Zhe, Rita Cheng, Alan Lu and Zhuang Jing for Asia Fact Check Lab","In this fact check, RFA debunks false claims on Chinese social media about tensions between North and South Korea.",https://www.rfa.org/english/factcheck/2024/11/01/korea-china-fact-check-tension-claims/,https://cloudfront-us-east-1.images.arcpublishing.com/radiofreeasia/TQRKA6EB7NGYBLTLHQBY7OFZJE.JPG
2024-10-25,Asia Fact Check Lab,Did a large number of Hasidic Jews enter Ukraine to build a new state?,Dong Zhe for Asia Fact Check Lab,Verdict: False,https://www.rfa.org/english/factcheck/2024/10/25/afcl-jews-ukraine/,https://cloudfront-us-east-1.images.arcpublishing.com/radiofreeasia/J6EOMFEF2RCXBMIBSX2TLBNHPU.JPG
2024-10-23,Asia Fact Check Lab,Did a photo of Hua Chunying and her daughter in the US leak online?,Rita Cheng,Verdict: False,https://www.rfa.org/english/factcheck/2024/10/24/afcl-hua-chunying-daughter-photo/,https://cloudfront-us-east-1.images.arcpublishing.com/radiofreeasia/4XDAPHAIQRB63KNLHMJ275RNOI.JPG
2024-10-21,Asia Fact Check Lab,Has the US not evacuated its citizens from Lebanon?,By Zhuang Jing for Asia Fact Check Lab,Verdict: False,https://www.rfa.org/english/news/afcl/us-evacuation-lebanon-10212024044858.html,https://cloudfront-us-east-1.images.arcpublishing.com/radiofreeasia/GAXLI4KOYVU45LPTO24FURZOXA.jpg
2024-10-17,Asia Fact Check Lab,Did Chinese helicopters fly over Taiwan during recent military exercises?,By Dong Zhe for Asia Fact Check Lab,Verdict: False,https://www.rfa.org/english/news/afcl/fact-check-taiwan-china-helicopters-10172024135340.html,https://cloudfront-us-east-1.images.arcpublishing.com/radiofreeasia/BAX3HRYDZ22LYUWGXURMUSF42I.jpg
2024-10-15,Asia Fact Check Lab,Media Watch: Anti-Japan sentiment targets Japanese schools in China,By Rita Cheng for Asia Fact Check Lab,"Misleading claims about Japanese schools are rampant on Chinese social media platforms, AFCL found.",https://www.rfa.org/english/news/afcl/afcl-china-anti-japan-school-10142024225104.html,https://cloudfront-us-east-1.images.arcpublishing.com/radiofreeasia/X6FIFJUJWZIIUJH5OJECEIOPOU.jpg
2024-10-11,Asia Fact Check Lab,Did an American admiral claim the US will attack China in 2027?,By Zhuang Jing for Asia Fact Check Lab,Verdict: Misleading,https://www.rfa.org/english/news/afcl/afcl-us-attack-china-2027-10112024035700.html,https://cloudfront-us-east-1.images.arcpublishing.com/radiofreeasia/QX7TQTWAMIEXVO5LYI2N67HWCY.jpg
2024-10-08,Asia Fact Check Lab,"Media Watch: Taiwanese YouTubers’ visit to Xinjiang, genuine or propaganda?",By Rita Cheng for Asia Fact Check Lab,Taiwanese YouTubers face scrutiny for promoting videos about Xinjiang that align with China’s official stance.,https://www.rfa.org/english/news/afcl/afcl-taiwan-youtuber-xinjiang-10082024000704.html,https://cloudfront-us-east-1.images.arcpublishing.com/radiofreeasia/HFKRLZBOKBPFKJ343TNK4OPCZY.jpg
2024-10-04,Asia Fact Check Lab,No jurisdiction for Japan over US troops committing crimes on its soil?,By Rita Cheng for Asia Fact Check Lab,Verdict: False,https://www.rfa.org/english/news/afcl/afcl-japan-jurisdiction-us-army-10032024215747.html,https://cloudfront-us-east-1.images.arcpublishing.com/radiofreeasia/LNZQFY3FELPSHLCTDPSEPLIP7Q.jpg
2024-09-30,Asia Fact Check Lab,Did Chinese citizens account for 60% of the crimes in Japan?,By Dong Zhe for Asia Fact Check Lab,Verdict: False,https://www.rfa.org/english/news/afcl/afcl-chinese-japan-crime-rate-09302024031123.html,https://cloudfront-us-east-1.images.arcpublishing.com/radiofreeasia/VGSPRZJEPGTK5OVYDE4UBXJFQA.jpg
2024-09-25,Asia Fact Check Lab,Did Obama say US manipulates other countries’ public opinion?,By Dong Zhe for Asia Fact Check Lab,Verdict: False,https://www.rfa.org/english/news/afcl/afcl-obama-public-opinion-09252024061022.html,https://cloudfront-us-east-1.images.arcpublishing.com/radiofreeasia/ITJQREJWTLBG7EZE74WCGKABRM.jpg
2024-09-23,Asia Fact Check Lab,Did Kim Jong Un make a statement threatening Israel?,By Dukin Han for RFA Korean,Verdict: False,https://www.rfa.org/english/news/afcl/afcl-north-korea-isreal-iran-09232024040626.html,https://cloudfront-us-east-1.images.arcpublishing.com/radiofreeasia/4JMG3OBX7TAKQFJKXUGPDTAOQY.jpg
2024-09-20,Asia Fact Check Lab,Has China not launched a war since 1949?,By Alan Lu for Asia Fact Check Lab,Verdict: Misleading,https://www.rfa.org/english/news/afcl/afcl-china-war-1949-09202024053036.html,https://cloudfront-us-east-1.images.arcpublishing.com/radiofreeasia/STBOR6IAQ5QZFGTCDBKNC24FAE.jpg
2024-09-18,Asia Fact Check Lab,Did Harris wear audio earrings during a presidential debate to cheat?,By Zhuang Jing for Asia Fact Check Lab,Verdict: False,https://www.rfa.org/english/news/afcl/afcl-harris-earrings-09182024053204.html,https://cloudfront-us-east-1.images.arcpublishing.com/radiofreeasia/HRYONXOIGP6ULXURUJGY2COIBE.jpg
2024-09-16,Asia Fact Check Lab,Was a US athlete ineligible to compete in the Paralympics?,By Zhuang Jing for Asia Fact Check Lab,Verdict: False,https://www.rfa.org/english/news/afcl/afcl-us-athlete-paralympics-09162024055210.html,https://cloudfront-us-east-1.images.arcpublishing.com/radiofreeasia/FGAQAQ6KEECAVPA772RZDMAZ6I.png
2024-09-13,Asia Fact Check Lab,Was London hit by a surprise missile attack in September?,By Dong Zhe for Asia Fact Check Lab,Verdict: False,https://www.rfa.org/english/news/afcl/afcl-london-missile-attack-09132024013935.html,https://cloudfront-us-east-1.images.arcpublishing.com/radiofreeasia/TP2K2XQIN555Y3LPQM7KNC4WZ4.jpg
2024-09-11,Asia Fact Check Lab,Does a video show a US F-16 fighter jet being shot down by Russians?,By Dong Zhe and Alan Lu for Asia Fact Check Lab,Verdict: False,https://www.rfa.org/english/news/afcl/afcl-us-fighter-jet-russia-09112024035430.html,https://cloudfront-us-east-1.images.arcpublishing.com/radiofreeasia/UNVHSUP3MDW4VTIFZ4KL4LT3GQ.jpg
2024-09-09,Asia Fact Check Lab,Did the Pentagon condemn the US Indo-Pacific Command head over his remarks?,By Zhuang Jing for Asia Fact Check Lab,Verdict: Misleading,https://www.rfa.org/english/news/afcl/afcl-pentagon-indo-pacific-command-09092024042030.html,https://cloudfront-us-east-1.images.arcpublishing.com/radiofreeasia/VPBB7AVKXRLQW3FX2HSG4FQKPU.jpg
2024-09-06,Asia Fact Check Lab,Did China send troops to aid Russia in the Ukraine war?,By Zhuang Jing for Asia Fact Check Lab,Verdict: False,https://www.rfa.org/english/news/afcl/afcl-china-russia-troop-09062024030513.html,https://cloudfront-us-east-1.images.arcpublishing.com/radiofreeasia/HOEMCNATCB4YLF6OT37WO22FAI.jpg
2024-09-03,Asia Fact Check Lab,Media Watch: Rumors about Chinese leader Xi spread online,By Rita Cheng for Asia Fact Check Lab,"Rumors about Xi Jinping’s health have been around for years, cropping up regularly since 2017 or even earlier.",https://www.rfa.org/english/news/afcl/afcl-xi-jinping-health-09032024023119.html,https://cloudfront-us-east-1.images.arcpublishing.com/radiofreeasia/VWPTVPJBADNCUR32IOZS2TTWBM.jpg
2024-08-30,Asia Fact Check Lab,Media Watch: Rumors circulate online about civil unrest in the UK,By Alan Lu for Asia Fact Check Lab,"On Chinese social media, users focus on the underlying tensions in Britain over immigrants.",https://www.rfa.org/english/news/afcl/afcl-uk-civil-unrest-08302024042519.html,https://cloudfront-us-east-1.images.arcpublishing.com/radiofreeasia/2EDWLGEGH7MJETBUXTUG5ZSP3A.jpg
2024-08-28,Asia Fact Check Lab,Did Taiwanese ships fly the Chinese flag while passing through the Red Sea?,By Dong Zhe Asia Fact Check Lab,Verdict: False,https://www.rfa.org/english/news/afcl/afcl-taiwan-evergreen-chinese-flag-08282024042724.html,https://cloudfront-us-east-1.images.arcpublishing.com/radiofreeasia/N2JUH5PKITZIETXLS4I5T55RII.jpg
2024-08-26,Asia Fact Check Lab,Did BlackRock forbid Ukraine from burying deceased soldiers?,By Zhuang Jing for Asia Fact Check Lab,Verdict: False,https://www.rfa.org/english/news/afcl/afcl-blackrock-ukraine-land-08262024030948.html,https://cloudfront-us-east-1.images.arcpublishing.com/radiofreeasia/6U6KV5X3AV67IWZL6YNKD4Z7FI.jpg
2024-08-23,Asia Fact Check Lab,Are 10% of Taiwan’s population ethnic Japanese?,By Dong Zhe for Asia Fact Check Lab,Verdict: Lack of evidence,https://www.rfa.org/english/news/afcl/afcl-ethnic-japanese-taiwan-08232024040332.html,https://cloudfront-us-east-1.images.arcpublishing.com/radiofreeasia/MGBJCNXNP7ODZU3MCXICJU2XCI.jpg
2024-08-20,Asia Fact Check Lab,Was there no American flag hoisted at the Harris and Walz rally?,By Zhuang Jing for Asia Fact Check Lab,Verdict: False,https://www.rfa.org/english/news/afcl/afcl-harris-rally-american-flag-08202024035024.html,https://cloudfront-us-east-1.images.arcpublishing.com/radiofreeasia/BOIXHIEQJUF4PEODT6IVLJDAK4.png
2024-08-16,Asia Fact Check Lab,Are flushed faces of US swimmers evidence of Olympic doping?,By Rita Cheng and Dong Zhe for Asia Fact Check Lab,Verdict: False,https://www.rfa.org/english/news/afcl/afcl-us-swimmers-face-08162024022606.html,https://cloudfront-us-east-1.images.arcpublishing.com/radiofreeasia/3OAXRMCO6BBSIVG2L7VZTERDMA.jpg
2024-08-14,Asia Fact Check Lab,Does a video show Israeli intelligence reaction to Haniyeh’s death?,By Zhuang Jing for Asia Fact Check Lab,Verdict: False,https://www.rfa.org/english/news/afcl/afcl-israel-intelligence-haniyeh-08142024035026.html,https://cloudfront-us-east-1.images.arcpublishing.com/radiofreeasia/FDLJIEBV5YYDRBHXHASPEZP27I.jpg
2024-08-12,Asia Fact Check Lab,Is Taiwan’s military storing tanks in temples?,By Alan Lu for Asia Fact Check Lab,Verdict: False,https://www.rfa.org/english/news/afcl/afcl-taiwan-tank-temple-08122024031014.html,https://cloudfront-us-east-1.images.arcpublishing.com/radiofreeasia/UKARBESKI3QHWFK7L43TEDEIVU.jpg
2024-08-09,Asia Fact Check Lab,Did JD Vance say Ukrainians must ‘accept’ their country’s destruction?,By Alan Lu for Asia Fact Check Lab,Verdict: Missing context,https://www.rfa.org/english/news/afcl/afcl-jd-vance-ukraine-08092024010317.html,https://cloudfront-us-east-1.images.arcpublishing.com/radiofreeasia/O4RI2LDWTXLIKGFRKCYJAMMIKA.jpg
2024-08-08,Asia Fact Check Lab,Did a South Korean legislator propose changing the country’s name?,By Dong Zhe for Asia Fact Check Lab,Verdict: False,https://www.rfa.org/english/news/afcl/afcl-south-korea-name-change-08082024005626.html,https://cloudfront-us-east-1.images.arcpublishing.com/radiofreeasia/BFAL2NP5LM6GRGEJY4OXHOMR2Q.jpg
2024-08-05,Asia Fact Check Lab,Was a Chinese foreign ministry official detained for subversion?,By Alan Lu for Asia Fact Check Lab,Verdict: False,https://www.rfa.org/english/news/afcl/afcl-hua-chunying-detained-08052024005358.html,https://cloudfront-us-east-1.images.arcpublishing.com/radiofreeasia/GRAXTNESXAVTIFDR42KSECQLXQ.jpg
2024-08-02,Asia Fact Check Lab,Is the growth rate of Uyghurs in Xinjiang higher than that of the Han?,By Shen Ke for Asia Fact Check Lab,Verdict: False,https://www.rfa.org/english/news/afcl/afcl-uyghur-xinjiang-population-08012024221825.html,https://cloudfront-us-east-1.images.arcpublishing.com/radiofreeasia/KYRYU5HYKQ7DJKFBGGL52ZTM24.jpg
2024-07-31,Asia Fact Check Lab,Did a US swimmer dodge drug tests for the Paris Olympics?,By Rita Cheng for Asia Fact Check Lab,Verdict: False,https://www.rfa.org/english/news/afcl/afcl-paris-olympics-dopping-test-07312024035103.html,https://cloudfront-us-east-1.images.arcpublishing.com/radiofreeasia/ANXMN5G4VCU2LW34EOZXDKRTFU.jpg
2024-07-30,Asia Fact Check Lab,Media Watch: Rumors abound in Chinese following Biden’s withdrawal,By Zhuang Jing and Alan Lu for Asia Fact Check Lab,"From Zelenski to Putin, the news of Biden’s withdrawal sparked rumors involving world leaders.",https://www.rfa.org/english/news/afcl/afcl-biden-president-withdrawal-07292024222735.html,https://cloudfront-us-east-1.images.arcpublishing.com/radiofreeasia/XQQQ25KPDCJSMO52U7AMFVAG4Q.jpg
2024-07-29,Asia Fact Check Lab,Is North Korea planning to join BRICS?,By Dukin Han for RFA Korean,Verdict: Lack of evidence,https://www.rfa.org/english/news/afcl/afcl-north-korea-brics-07292024025818.html,https://cloudfront-us-east-1.images.arcpublishing.com/radiofreeasia/KYNEIIHMCW6KCGCQ2DOEJLWE3I.jpg
2024-07-26,Asia Fact Check Lab,Did US and China engage in electronic warfare in the South China Sea?,By Zhuang Jing for Asia Fact Check Lab,Verdict: Lack of evidence,https://www.rfa.org/english/news/afcl/afcl-america-chia-electronic-warfare-07262024021424.html,https://cloudfront-us-east-1.images.arcpublishing.com/radiofreeasia/ODYGZPCSDNTVPBU6UFJVA4ECZE.jpg
2024-07-25,Asia Fact Check Lab,Singapore’s Chinese immigrant lifestyle websites push Beijing’s positions (Part II),By Dong Zhe and Zhuang Jing for Asia Fact Check Lab,‘New media’ and social platforms manage to slip through a tight media control system.,https://www.rfa.org/english/news/afcl/afcl-singapore-china-propaganda-media-influence-07222024170626.html,https://cloudfront-us-east-1.images.arcpublishing.com/radiofreeasia/K3CNL4HYVOT75TNSM42TMGPYQY.jpg
2024-07-24,Asia Fact Check Lab,Did ‘exclusive’ photos show the US stealing Syrian wheat since May?,By Dong Zhe for Asia Fact Check Lab,Verdict: False,https://www.rfa.org/english/news/afcl/afcl-america-stealing-syrian-wheat-07242024030443.html,https://cloudfront-us-east-1.images.arcpublishing.com/radiofreeasia/WIUSF4NDC32765XY5ZBANCBKEQ.jpg
2024-07-23,Asia Fact Check Lab,Singapore media regime whack-a-mole with Chinese misinformation (Part I),By Dong Zhe and Zhuang Jing for Asia Fact Check Lab,Beijing’s talking points get laundered through China-friendly media coverage and immigrant websites.,https://www.rfa.org/english/news/afcl/singapore-china-propaganda-media-influence-07222024170026.html,https://cloudfront-us-east-1.images.arcpublishing.com/radiofreeasia/EZEHOOY6HV7WCLBCF57OSFJ5FU.jpg
2024-07-22,Asia Fact Check Lab,Did the BBC report that China abused aliens on the moon?,By Dong Zhe for Asia Fact Check Lab,Verdict: False,https://www.rfa.org/english/news/afcl/afcl-china-alien-abuse-07212024225756.html,https://cloudfront-us-east-1.images.arcpublishing.com/radiofreeasia/LFPW2I3I5DHNGEWD4UNBKUS3NE.jpg
2024-07-18,Asia Fact Check Lab,Is a US Secret Service officer ‘Jonathan Willis’ responsible for Trump shooting?,By Zhuang Jing for Asia Fact Check Lab,Verdict: False,https://www.rfa.org/english/news/afcl/afcl-trump-rally-shooting-07182024031903.html,https://cloudfront-us-east-1.images.arcpublishing.com/radiofreeasia/BUXWOUQ2ZCPVOFXG6BUVMRI6DI.jpg
2024-07-16,Asia Fact Check Lab,Does the video of men show official Chinese cyber army at work?,By Zhuang Jing for Asia Fact Check Lab,Verdict: False,https://www.rfa.org/english/news/afcl/afcl-chinese-cyber-army-07152024232638.html,https://cloudfront-us-east-1.images.arcpublishing.com/radiofreeasia/IEQANAGJVI6UG75REXI3CLO23E.jpg
2024-07-10,Asia Fact Check Lab,"Media Watch: proposed US drone sales to Taiwan spark rumors on price, quality",By Zhuang Jing for Asia Fact Check Lab,The claim that drones in the deal are ‘useless and pricey’ has emerged in social media and media outlets.,https://www.rfa.org/english/news/afcl/afcl-us-taiwan-drones-07102024000954.html,https://cloudfront-us-east-1.images.arcpublishing.com/radiofreeasia/6F3OLSUUTQVOYN6P2RDQEQ67O4.jpg
2024-07-08,Asia Fact Check Lab,Did a deal between Saudi Arabia and US to sell oil in dollars expire?,By Alan Lu for Asia Fact Check Lab,Verdict: False,https://www.rfa.org/english/news/afcl/afcl-us-saudi-oil-deal-07082024043619.html,https://cloudfront-us-east-1.images.arcpublishing.com/radiofreeasia/JMQ5RH4JGJBARIAQQ7IJYNRHRA.jpg
2024-07-04,Asia Fact Check Lab,Did a Chinese documentary prove China’s sovereignty over the South China Sea?,By Rita Cheng for Asia Fact Check Lab,It presents China’s claim to the region but is criticized for potentially misrepresenting key dispute aspects.,https://www.rfa.org/english/news/afcl/afcl-cctv-south-china-sea-07042024025123.html,https://cloudfront-us-east-1.images.arcpublishing.com/radiofreeasia/5T5TPHU5QEUW24WEH4BEYTDYJ4.jpg
2024-07-02,Asia Fact Check Lab,Did US issue a new travel alert after attack on its citizens in China?,By Zhuang Jing for Asia Fact Check Lab,Verdict: False,https://www.rfa.org/english/news/afcl/afcl-us-china-travel-advisory-07022024025617.html,https://cloudfront-us-east-1.images.arcpublishing.com/radiofreeasia/KINL4NAPBXZFF635B7PRYVOK3M.jpg
2024-06-28,Asia Fact Check Lab,Does the video show a US lawmaker outraged over the Antisemitism Awareness Act?,By Rita Cheng for Asia Fact Check Lab,Verdict: False,https://www.rfa.org/english/news/afcl/afcl-us-lawmaker-antisemitism-act-06282024003944.html,https://cloudfront-us-east-1.images.arcpublishing.com/radiofreeasia/ZI7MMV4XJHGXXRHPNWKSY3QWEE.png
2024-06-26,Asia Fact Check Lab,Did a US State Department official say Israel has the right to attack civilians?,By Zhuang Jing for Asia Fact Check Lab,Verdict: Misleading,https://www.rfa.org/english/news/afcl/afcl-israel-civillians-06262024022418.html,https://cloudfront-us-east-1.images.arcpublishing.com/radiofreeasia/DR32EM3NLFMXCOLBICGNDHYNVA.jpg
2024-06-24,Asia Fact Check Lab,Did Biden say US would help Ukraine fight to the last Ukrainian?,By Alan Lu for Asia Fact Check Lab,Verdict: False,https://www.rfa.org/english/news/afcl/afcl-biden-ukraine-06242024001005.html,https://cloudfront-us-east-1.images.arcpublishing.com/radiofreeasia/FV2Z2LW5PNZU7Z2RCNLTERTXVA.png
2024-06-21,Asia Fact Check Lab,Was Apollo 11 landing staged? Rumors about US mission resurface in China,By Dong Zhe for Asia Fact Check Lab,The rumors began to circulate online after the successful launch of China’s Chang’e 6 unmanned space probe.,https://www.rfa.org/english/news/afcl/afcl-apollo-rumor-06212024025202.html,https://cloudfront-us-east-1.images.arcpublishing.com/radiofreeasia/UTZBUIGMMSB7TCFWM5HJGI7DTY.png
2024-06-19,Asia Fact Check Lab,Did South Dakota ban watermelon sales because it is antisemitic?,By Zhuang Jing for Asia Fact Check Lab,Verdict: False,https://www.rfa.org/english/news/afcl/afcl-watermenlon-ban-06192024002625.html,https://cloudfront-us-east-1.images.arcpublishing.com/radiofreeasia/AHHF6U6HLCGQJD7RLXTYHCTQRY.jpg
2024-06-17,Asia Fact Check Lab,Does the video show Taiwanese youth serving in the Chinese army?,By Dong Zhe for Asia Fact Check Lab,Verdict: False,https://www.rfa.org/english/news/afcl/afcl-taiwan-youth-pla-06172024002055.html,https://cloudfront-us-east-1.images.arcpublishing.com/radiofreeasia/JTEM7GDQMMZH7AZH2O5XNYSU3U.png
2024-06-14,Asia Fact Check Lab,Did a South Korean mayor ask China for giant pandas as a ‘gift’?,By Zhuang Jing for Asia Fact Check Lab,Verdict: False,https://www.rfa.org/english/news/afcl/afcl-korea-china-panda-06132024232102.html,https://cloudfront-us-east-1.images.arcpublishing.com/radiofreeasia/3FCVCBEAHOUBT7Z2RVVSSH6NUE.png
2024-06-12,Asia Fact Check Lab,Did Taiwan’s president complain about his predecessor in a leaked audio?,By Rita Cheng and Zhuang Jing for Asia Fact Check Lab,Verdifct: Lack of evidence,https://www.rfa.org/english/news/afcl/afcl-lai-audio-06112024233916.html,https://cloudfront-us-east-1.images.arcpublishing.com/radiofreeasia/YONH2IP3LYRT2SVRZDAUMCK2FQ.jpg
2024-06-06,Asia Fact Check Lab,Media Watch: ‘Little Pinks’ use AI in Tiananmen Square massacre debate,By Rita Cheng and Dong Zhe for Asia Fact Check Lab,But experts advise against using ChatGPT as a ‘fact-checking’ tool.,https://www.rfa.org/english/news/afcl/afcl-tiananmen-ai-06062024034712.html,https://cloudfront-us-east-1.images.arcpublishing.com/radiofreeasia/JLADVBLM5HR7YZ6TA62U7ZSLLA.png
2024-06-05,Asia Fact Check Lab,Has the Hong Kong trade office in Washington been closed?,By Zhuang Jing and Rita Cheng for Asia Fact Check Lab,Verdict: False,https://www.rfa.org/english/news/afcl/afcl-hk-trade-office-06052024025552.html,https://cloudfront-us-east-1.images.arcpublishing.com/radiofreeasia/7WQBR3ACFWGIAKUDRMZGTNN5DI.jpg
2024-05-30,Asia Fact Check Lab,Did Trump say that China has ‘no drug problem’?,By Zhuang Jing for Asia Fact Check Lab,Verdict: Missing context,https://www.rfa.org/english/news/afcl/afcl-trump-china-drug-05302024032549.html,https://cloudfront-us-east-1.images.arcpublishing.com/radiofreeasia/VVDFNIMZW6PT4BXGUFBOKP5UWU.jpg
2024-05-27,Asia Fact Check Lab,Did Israel officially mock the death of Iran’s president?,By Zhuang Jing for Asia Fact Check Lab,Verdict: False,https://www.rfa.org/english/news/afcl/afcl-israel-mock-iran-05272024030133.html,https://cloudfront-us-east-1.images.arcpublishing.com/radiofreeasia/AFQPNYCPDWAUSBMINUA55O2HX4.jpg
2024-05-22,Asia Fact Check Lab,Is Taiwan prosecuting citizens for creating political memes?,By Zhuang Jing for Asia Fact Check Lab,Verdict: Misleading,https://www.rfa.org/english/news/afcl/taiwan-meme-punishement-05222024032554.html,https://cloudfront-us-east-1.images.arcpublishing.com/radiofreeasia/BUSZUJURI3ETBRN4H3F4VCC3UM.png
2024-05-21,Asia Fact Check Lab,Was a Chinese man arrested during South Korea’s April election campaign?,By Taejun Kang for RFA,Verdict: False,https://www.rfa.org/english/news/afcl/chinaman-korea-arrest-05202024234458.html,https://cloudfront-us-east-1.images.arcpublishing.com/radiofreeasia/RILD25LDHZ6UWBTOUMNXXPFCDM.png
2024-05-08,Asia Fact Check Lab,Media Watch: Blinken’s April China visit fuels online rumors,By Rita Cheng for Asia Fact Check Lab,Rumors in Chinese and English aimed to downplay the significance of the US Secretary of State’s visit.,https://www.rfa.org/english/news/afcl/blinken-april-visit-rumors-05082024112508.html,https://cloudfront-us-east-1.images.arcpublishing.com/radiofreeasia/4SFUZO24WLXUROTY4R7EWN3BWE.png
2024-05-06,Asia Fact Check Lab,Fake images of US college protests circulate in China,By Dong Zhe for Asia Fact Check Lab,"Images, including one of Mao's slogans, are from unrelated events months or years earlier.",https://www.rfa.org/english/news/afcl/fact-check-college-palestinian-protests-china-05062024175337.html,https://cloudfront-us-east-1.images.arcpublishing.com/radiofreeasia/345WFVA2BQL426XYWCJKK6MSNA.png
2024-05-02,Asia Fact Check Lab,Did Italy say it wanted to rejoin China’s Belt and Road Initiative?,By Zhuang Jing for Asia Fact Check Lab,Verdict: False,https://www.rfa.org/english/news/afcl/italy-rejoin-bri-china-belt-and-road-05022024135230.html,https://cloudfront-us-east-1.images.arcpublishing.com/radiofreeasia/FG3RP75UJXXX5Z4SC42DEOYGPY.png
2024-05-01,Asia Fact Check Lab,Was Trump watching Chinese state TV on his iPad at an April banquet?,By Dong Zhe for Asia Fact Check Lab,Verdict: False,https://www.rfa.org/english/news/afcl/ipad-05012024114112.html,https://cloudfront-us-east-1.images.arcpublishing.com/radiofreeasia/52BSW4ZKUKKRXMHMXL43SBMT4M.jpg
2024-04-30,Asia Fact Check Lab,Did a Ukrainian-American congresswoman oppose Ukraine support?,By Alan Lu for Asia Fact Check Lab,Verdict: Misleading,https://www.rfa.org/english/news/afcl/fact-check-ukraine-aid-congresswoman-04302024144649.html,https://cloudfront-us-east-1.images.arcpublishing.com/radiofreeasia/4V3A7SNPFCB3DOID2CNAGR73MA.jpg
2024-04-29,Asia Fact Check Lab,Media Watch: China spins Taipei’s war tax debate to stoke distrust,By Zhuang Jing for Asia Fact Check Lab,"Despite Taiwan’s reassurances, pro-China media used the news to spread disinformation",https://www.rfa.org/english/news/afcl/media-watch-china-taiwan-war-tax-04292024103303.html,https://cloudfront-us-east-1.images.arcpublishing.com/radiofreeasia/AHX3IGYDFZWPEMR3INZ5EAMMFY.jpg
2024-04-26,Asia Fact Check Lab,Does US’s Taiwan Relations Act not cover Kinmen islands?,By Zhuang Jing for Asia Fact Check Lab,Verdict: Misleading,https://www.rfa.org/english/news/afcl/fact-check-taiwan-act-04262024161241.html,https://cloudfront-us-east-1.images.arcpublishing.com/radiofreeasia/6KMDNRG4GT5KLQSBGK2WKM2LEI.png
2024-04-24,China,INTERVIEW: Examining fake news sites generating Chinese propaganda,By Li Sai for Asia Fact Check Lab,Researchers find over 100 supposedly local news sites set up by a Chinese PR firm.,https://www.rfa.org/english/news/china/china-news-sites-propaganda-04242024163518.html,https://cloudfront-us-east-1.images.arcpublishing.com/radiofreeasia/MIGBA5MXO2373VJMBLMGSPI7ZI.jpg
2024-04-24,Asia Fact Check Lab,Did North Korean leader humiliate Chinese delegation with seating arrangement?,By Zhuang Jing for Asia Fact Check Lab,Verdict: Lack of evidence,https://www.rfa.org/english/news/afcl/fact-check-north-korea-china-seating-04242024144920.html,https://cloudfront-us-east-1.images.arcpublishing.com/radiofreeasia/QE3LTLN4MNOF7RW3G6TS2TCMA4.png
2024-04-23,Asia Fact Check Lab,Is journalist Vicky Xu preparing to return to China?,By Alan Lu for Asia Fact Check Lab,Verdict: Lack of evidence,https://www.rfa.org/english/news/afcl/fact-check-vicky-xu-04232024131753.html,https://cloudfront-us-east-1.images.arcpublishing.com/radiofreeasia/BZVQO6K7YVJFZ6AWUIS7FNY45Y.jpg
2024-04-22,Asia Fact Check Lab,Does this video show a military convoy in Myanmar’s Rakhine state?,By Taejun Kang for RFA,Verdict: False,https://www.rfa.org/english/news/afcl/military-convoy-rakhine-04222024150750.html,https://cloudfront-us-east-1.images.arcpublishing.com/radiofreeasia/P3BX3EO33MCOVBBHM3Z32XC5IA.png
2024-04-18,Asia Fact Check Lab,Does a photo show US troops stationed in Taiwan’s Kinmen islands?,By Taejun Kang for RFA,Verdict: False,https://www.rfa.org/english/news/afcl/fact-check-us-troops-kinmen-04182024163316.html,https://cloudfront-us-east-1.images.arcpublishing.com/radiofreeasia/BGFXHL4ZNCRRDB6HPPXKUJIRLI.png
2024-04-17,Asia Fact Check Lab,Does China import zero soybeans from Paraguay?,By Rita Cheng in Washington,Verdict: Missing Context,https://www.rfa.org/english/news/afcl/fact-check-china-paraguay-soy-beans-04172024144837.html,https://cloudfront-us-east-1.images.arcpublishing.com/radiofreeasia/ITVMIQEIXF7MU6PS3FS37T4ZDI.jpg
2024-04-15,Asia Fact Check Lab,Did Dwayne Johnson say he regretted supporting Biden in 2020?,By Alan Lu for Asia Fact Check Lab,Verdict: Misleading,https://www.rfa.org/english/news/afcl/fact-check-biden-the-rock-04152024134709.html,https://cloudfront-us-east-1.images.arcpublishing.com/radiofreeasia/DF2W4QE3TGXA27XA74FCOMSMPM.jpg
2024-04-09,Asia Fact Check Lab,Media Watch: Baltimore bridge collapse floods internet with rumors,By Zhuang Jing and Dong Zhe for Asia Fact Check Lab,The incident fuels rumors and inaccurate information both in English and Chinese media outlets.,https://www.rfa.org/english/news/afcl/baltimore-bridge-collapse-04092024093249.html,https://cloudfront-us-east-1.images.arcpublishing.com/radiofreeasia/D3FVYML4KEACPPUIZBHDASNVLQ.jpg
2024-04-08,Asia Fact Check Lab,Does Japan control Chinese water purification plants?,By Dong Zhe for Asia Fact Check Lab,Verdict: Lack of evidence,https://www.rfa.org/english/news/afcl/fact-check-japan-china-water-treatment-plants-04082024094917.html,https://cloudfront-us-east-1.images.arcpublishing.com/radiofreeasia/HNBZWXLUZ2KNG6WI4MTCN63IAU.png
2024-04-03,Asia Fact Check Lab,Did Taylor Swift say the US couldn’t prevent an invasion of Taiwan?,By Dong Zhe for Asia Fact Check Lab,Verdict: False,https://www.rfa.org/english/news/afcl/fact-check-taylor-swift-taiwan-04032024103426.html,https://cloudfront-us-east-1.images.arcpublishing.com/radiofreeasia/6MCD2S3RVEJZVHHJLUCEITSBCM.jpg
2024-04-03,Asia Fact Check Lab,Did China Coast Guard ships ignore ‘prohibited waters’ around Taiwan’s Kinmen area?,By Alan Lu for Asia Fact Check Lab,Verdict: Misleading,https://www.rfa.org/english/news/afcl/fact-check-kinmen-boundary-waters-04022024202027.html,https://cloudfront-us-east-1.images.arcpublishing.com/radiofreeasia/IZVOFNNKKN352KOTVP3N3G3TME.png
2024-04-01,Asia Fact Check Lab,"Media Watch: Moscow attack fuels rumors on Ukraine, US involvement",By Rita Cheng for Asia Fact Check Lab,"Officials and state-backed media in Russia and China are on the frontline, spreading unverified claims.",https://www.rfa.org/english/news/afcl/moscow-concert-attack-04012024122209.html,https://cloudfront-us-east-1.images.arcpublishing.com/radiofreeasia/TMEAQXVPRUH4GICNYGCADWUT4M.jpg
2024-03-28,Asia Fact Check Lab,Did South Korean medical group parrot Kim Jong Un’s remarks?,By Taejun Kang for RFA,Verdict: False,https://www.rfa.org/english/news/afcl/fact-check-south-korea-kim-jong-un-03282024121932.html,https://cloudfront-us-east-1.images.arcpublishing.com/radiofreeasia/47YADTXNAWRCE4M7XEZOBR22FU.jpg
2024-03-27,Asia Fact Check Lab,Did Google ‘abandon’ the Chinese market due to domestic requirements?,By Rita Cheng for Asia Fact Check Lab,Verdict: Misleading,https://www.rfa.org/english/news/afcl/google-tiktok-chinese-market-03272024094631.html,https://cloudfront-us-east-1.images.arcpublishing.com/radiofreeasia/3VIESPNMCHOX7QBUINZCN7Z72I.png
2024-03-25,Asia Fact Check Lab,Is the photo of Xi Jinping frowning genuine?,By Zhuang Jing for Asia Fact Check Lab,Verdict: True,https://www.rfa.org/english/news/afcl/xi-jinping-frown-03252024105813.html,https://cloudfront-us-east-1.images.arcpublishing.com/radiofreeasia/JWAMK6JM6LN4K5SZFHRK56K2HM.png
2024-03-19,Asia Fact Check Lab,Did the European Parliament pass a bill denying the ‘One China principle’?,By Zhuang Jing for Asia Fact Check Lab,Verdict: Misleading,https://www.rfa.org/english/news/afcl/fact-check-eu-one-china-03192024131357.html,https://cloudfront-us-east-1.images.arcpublishing.com/radiofreeasia/IDXRH4TLJFB5TW3CUZ2BZRYRUE.png
2024-03-15,Asia Fact Check Lab,Did NVIDIA describe Huawei as its ‘biggest competitor’?,By Rita Cheng for Asia Fact Check Lab,Verdict: Misleading,https://www.rfa.org/english/news/afcl/fact-check-nvidia-huawei-03152024152712.html,https://cloudfront-us-east-1.images.arcpublishing.com/radiofreeasia/2AVZD5VE4EBMIUICBTR5NQSAJU.png
2024-03-12,Asia Fact Check Lab,Did the IMF chief say the Chinese economy performed well in 2023?,By Shen Ke for Asia Fact Check Lab,Verdict: Misleading,https://www.rfa.org/english/news/afcl/china-economy-imf-03122024124918.html,https://cloudfront-us-east-1.images.arcpublishing.com/radiofreeasia/TCXN542DMOW7GB4BI7V7YUW2ZM.png
2024-03-07,Asia Fact Check Lab,Does Apple Maps label Taiwan as a province of China?,By Dong Zhe for Asia Fact Check Lab,Verdict: Partly correct,https://www.rfa.org/english/news/afcl/fact-check-apple-maps-taiwan-03072024174451.html,https://cloudfront-us-east-1.images.arcpublishing.com/radiofreeasia/OBUJOHZFAKSQSG3QWDJHAABNZA.png
2024-03-05,Asia Fact Check Lab,Did Chinese guards cross into restricted waters around Taiwan’s Kinmen?,By Zhuang Jing for Asia Fact Check Lab,Verdict: Misleading,https://www.rfa.org/english/news/afcl/fact-check-kinmen-03052024165300.html,https://cloudfront-us-east-1.images.arcpublishing.com/radiofreeasia/TZXNDO34L4NGKYODU2OQZL3PCU.png
2024-03-04,Asia Fact Check Lab,Did a US carrier pay Japanese Buddhist monks to drive away evil spirits?,By Dong Zhe for Asia Fact Check Lab,Verdict: False,https://www.rfa.org/english/news/afcl/fact-check-monk-ussronaldreagan-03042024115053.html,https://cloudfront-us-east-1.images.arcpublishing.com/radiofreeasia/YBL2GHUY3Y27ILTYD6IYF4VYHI.png
2024-02-27,Asia Fact Check Lab,Did the South Korean president use vulgar language in a speech?,By Taejun Kang for RFA,Verdict: False,https://www.rfa.org/english/news/afcl/fact-check-yoon-02262024204513.html,https://cloudfront-us-east-1.images.arcpublishing.com/radiofreeasia/OUWPVVA3F6AIE7MMPS2H2SCWWM.png
2024-02-22,Asia Fact Check Lab,Did a Taiwan coast guard captain cause the Kinmen incident?,By Zhuang Jing for Asia Fact Check Lab,Verdict: Lack of evidence,https://www.rfa.org/english/news/afcl/fact-check-kinmen-fishing-incident-02222024154339.html,https://cloudfront-us-east-1.images.arcpublishing.com/radiofreeasia/IV2GQRI54G7GPXHES6LQW564G4.jpg
2024-02-09,Asia Fact Check Lab,Did Trump claim the 9/11 attacks never happened?,By Zhuang Jing for Asia Fact Check Lab,Verdict: False,https://www.rfa.org/english/news/afcl/trump-terror-attacks-02082024225710.html,https://cloudfront-us-east-1.images.arcpublishing.com/radiofreeasia/NUJK2YVO3MAMID2XGK25YEJ6EQ.jpg
2024-02-07,Asia Fact Check Lab,Is Texas on the brink of war with the US?,By Dong Zhe and Zhuang Jing for Asia Fact Check Lab,Verdict: False,https://www.rfa.org/english/news/afcl/fact-check-texas-02072024164301.html,https://cloudfront-us-east-1.images.arcpublishing.com/radiofreeasia/AYG6IJ7RJ2J6H56PSY7CGOT7B4.jpg
2024-02-05,Asia Fact Check Lab,Will Taiwan shut down a talk show over a discriminatory comment?,By Zhuang Jing for Asia Fact Check Lab,Verdict: False,https://www.rfa.org/english/news/afcl/fact-check-taiwan-call-show-02052024152053.html,https://cloudfront-us-east-1.images.arcpublishing.com/radiofreeasia/UGADNDWAAH3SYMW3QDKLUCST6Y.png
2024-02-01,Asia Fact Check Lab,Media Watch: Taiwan faces post-election ballot fraud conspiracies,By Dong Zhe for Asia Fact Check Lab,"Historical influences, the voting system and the impact of mainland Chinese media are key contributing factors.",https://www.rfa.org/english/news/afcl/fact-check-taiwan-election-conspiracies-02012024132455.html,https://cloudfront-us-east-1.images.arcpublishing.com/radiofreeasia/VV42DBDKI25WQ2GJ53TCP3HJUQ.png
2024-01-31,Asia Fact Check Lab,Has the US announced a complete cutoff of aid to Ukraine?,By Zhuang Jing for Asia Fact Check Lab,Verdict: Misleading,https://www.rfa.org/english/news/afcl/fact-check-us-ukraine-aid-01312024143214.html,https://cloudfront-us-east-1.images.arcpublishing.com/radiofreeasia/EDZAAXZP3LD6Q55PVI6CEY4EQU.png
2024-01-25,Asia Fact Check Lab,Did the US send only one ship for joint naval drills with Manila?,By Shen Ke for Asia Fact Check Lab,Verdict: Lack of evidence,https://www.rfa.org/english/news/afcl/afcl-us-philippines-01252024160828.html,https://cloudfront-us-east-1.images.arcpublishing.com/radiofreeasia/BISEEKZFOMADYVDJ3UJRGNO4AA.png
2024-01-23,Asia Fact Check Lab,Did Jimmy Carter admit that Taiwan is part of China in his 1978 speech?,By Rita Cheng for Asia Fact Check Lab,Verdict: Missing context,https://www.rfa.org/english/news/afcl/jimmy-carter-taiwan-01232024144217.html,https://cloudfront-us-east-1.images.arcpublishing.com/radiofreeasia/6NGA4NIFUTAANY7MOG7GGYCABM.jpg
2024-01-19,Asia Fact Check Lab,No Japanese cabinet members visited areas hit by the Noto earthquake?,By Zhuang Jing for Asia Fact Check Lab,Verdict: False,https://www.rfa.org/english/news/afcl/fact-check-japan-quake-01192024144525.html,https://cloudfront-us-east-1.images.arcpublishing.com/radiofreeasia/PBKMVW2MFLZE473W6GY4RDU25Y.png
2024-01-17,Asia Fact Check Lab,Does video show Yemeni rebels destroying an Israeli vessel?,By Dong Zhe for Asia Fact Check Lab,Verdict: False,https://www.rfa.org/english/news/afcl/fact-check-yemen-israeli-ship-01172024141200.html,https://cloudfront-us-east-1.images.arcpublishing.com/radiofreeasia/WHGWWX2UUHKU3FDVOQSHQ66PQE.png
2024-01-11,Asia Fact Check Lab,Media Watch: How is Taiwan fighting China’s disinformation campaign?,By Zhuang Jing for Asia Fact Check Lab,"Taiwan has beefed up defenses, but Beijing has become more experienced.",https://www.rfa.org/english/news/afcl/taiwan-china-disinformation-01102024224335.html,https://cloudfront-us-east-1.images.arcpublishing.com/radiofreeasia/FSGPTGO74HNYDT5XJSZPY5T3KU.png
2024-01-09,Asia Fact Check Lab,Did Taiwan’s president send women to entertain British officials?,By Dong Zhe for Asia Fact Check Lab,Verdict: False,https://www.rfa.org/english/news/afcl/fact-check-women-taiwan-uk-01092024152739.html,https://cloudfront-us-east-1.images.arcpublishing.com/radiofreeasia/J5N5W4IJKWLANEQA5AMJSH5U54.png
2024-01-02,Asia Fact Check Lab,Did Japan refuse to support Taiwan’s CPTPP access?,By Zhuang Jing for Asia Fact Check Lab,Verdict: Misleading,https://www.rfa.org/english/news/afcl/fact-check-taiwan-japan-free-trade-01022024171118.html,https://cloudfront-us-east-1.images.arcpublishing.com/radiofreeasia/HAHZRVH3GTCEWCQKNXPSDJ323E.png
2023-12-29,Asia Fact Check Lab,Where did Taiwan’s fake presidential election poll come from?,By Zhuang Jing and Dong Zhe for Asia Fact Check Lab,Asia Fact Check Lab delves into the murky background of a poll published by pro-China content providers.,https://www.rfa.org/english/news/afcl/taiwan-fake-poll-12292023000620.html,https://cloudfront-us-east-1.images.arcpublishing.com/radiofreeasia/NGSHM3COFTQLAH265OAEFQP53M.png
2023-12-26,Asia Fact Check Lab,Has a US report proposed cutting economic ties between the US and China?,By Rita Cheng for Asia Fact Check Lab,Verdict: Misleading,https://www.rfa.org/english/news/afcl/fact-check-us-china-cutting-economic-ties-12262023101108.html,https://cloudfront-us-east-1.images.arcpublishing.com/radiofreeasia/UOQESWWJID7VXMAJJXDMWEESB4.png
2023-12-20,Asia Fact Check Lab,Did the US fund an Aussie report on pro-China social media influencers?,By Shen Ke for Asia Fact Check Lab,Verdict: Misleading,https://www.rfa.org/english/news/afcl/fact-check-china-state-department-funding-12202023154413.html,https://cloudfront-us-east-1.images.arcpublishing.com/radiofreeasia/YQFPRANMU5VV2UC2RWTOLJ56WM.png
2023-12-18,Asia Fact Check Lab,Has HK security law improved the city’s business and legal environment?,By Rita Cheng for Asia Fact Check Lab,Verdict: Misleading,https://www.rfa.org/english/news/afcl/fact-check-hong-kong-security-law-business-12182023131725.html,https://cloudfront-us-east-1.images.arcpublishing.com/radiofreeasia/XEQ2IYLQTPQ5MWHFGBT7MSK7KE.png
2023-12-14,Asia Fact Check Lab,Has South Korea given up claims over disputed islets?,By Taejun Kang for RFA,Verdict: False,https://www.rfa.org/english/news/afcl/fact-check-disputed-islets-12142023090252.html,https://cloudfront-us-east-1.images.arcpublishing.com/radiofreeasia/G3AB25XCPFDB57OA5Z2IIOGWMU.png
2023-12-06,Asia Fact Check Lab,Is Taiwan’s vice president hopeful unable to speak Mandarin?,By Rita Cheng for Asia Fact Check Lab,Verdict: False,https://www.rfa.org/english/news/afcl/taiwan-vice-president-mandarin-12062023130125.html,https://cloudfront-us-east-1.images.arcpublishing.com/radiofreeasia/MMN7IL7BWNQIHCWRGJU5CQSF4A.png
2023-12-01,Asia Fact Check Lab,Media Watch: Chinese firms running fake S Korean news sites,By Taejun Kang for RFA,South Korea’s spy agency warns it could be part of Beijing’s online influence operations.,https://www.rfa.org/english/news/afcl/media-watch-south-korean-sites-china-12012023130616.html,https://cloudfront-us-east-1.images.arcpublishing.com/radiofreeasia/BN3EOAJWNCMCHSFPXJYF76PPZM.png
2023-11-29,Asia Fact Check Lab,Do Qualcomm chips pass private information to the US government?,By Shen Ke for Asia Fact Check Lab,Verdict: Misleading,https://www.rfa.org/english/news/afcl/fact-check-qualcomm-11292023132440.html,https://cloudfront-us-east-1.images.arcpublishing.com/radiofreeasia/G4VUX3GHFAYKDOVZZPGIEQEWZI.png
2023-11-28,Asia Fact Check Lab,Did Fukushima wastewater add synthetic chemicals to people’s blood?,By Dong Zhe for Asia Fact Check Lab,Verdict: False,https://www.rfa.org/english/news/afcl/fact-check-fukushima-chemicals-11282023123056.html,https://cloudfront-us-east-1.images.arcpublishing.com/radiofreeasia/NYMNHFOGSWAGSCKCGBHPO4MMGE.png
2023-11-27,Asia Fact Check Lab,Have Hong Kong’s electoral reforms improved diversity in 2023 elections?,By Shen Ke and Li Tong for Asia Fact Check Lab,Verdict: Misleading,https://www.rfa.org/english/news/afcl/fact-check-hong-kong-elections-11272023151305.html,https://cloudfront-us-east-1.images.arcpublishing.com/radiofreeasia/XXHFKSE7BDTIPMGET3ML5AYZEU.png
2023-11-22,Asia Fact Check Lab,Biden in a diaper? ‘US skepticism’ spreads in Taiwan,By Zhuang Jing for Asia Fact Check Lab,Verdict: False,https://www.rfa.org/english/news/afcl/fact-check-biden-diaper-11222023134025.html,https://cloudfront-us-east-1.images.arcpublishing.com/radiofreeasia/GK22DIWF4IMTJJK2SLNBY23LII.png
2023-11-20,Asia Fact Check Lab,Did the German Embassy in China ban a Buddhist religious symbol?,By Zhuang Jing for Asia Fact Check Lab,Verdict: False,https://www.rfa.org/english/news/afcl/fact-check-swastika-11202023153639.html,https://cloudfront-us-east-1.images.arcpublishing.com/radiofreeasia/US4RSFMNR3ZOMYZGZW4NMM27DY.png
2023-11-16,Asia Fact Check Lab,Has North Korea shut down all diplomatic missions?,By Taejun Kang for RFA,Verdict: False,https://www.rfa.org/english/news/afcl/north-korea-diplomatic-missions-11162023125806.html,https://cloudfront-us-east-1.images.arcpublishing.com/radiofreeasia/6YOFOCF45VKENGK6KZ2JKDOMOI.png
2023-11-13,Asia Fact Check Lab,Is the US expanding its nuclear arsenal?,By Shen Ke for Asia Fact Check Lab,Verdict: Misleading,https://www.rfa.org/english/news/afcl/fact-check-nuclear-arsenal-11132023155401.html,https://cloudfront-us-east-1.images.arcpublishing.com/radiofreeasia/6YKW5SA4UH7JG7KVBEWAHLIX7Y.png
2023-11-08,Asia Fact Check Lab,"Israel-Hamas war: How tech, social media spur misinformation",By Rita Cheng for Asia Fact Check Lab,Impartial audiences find themselves grappling with the challenge of distinguishing fact from fiction.,https://www.rfa.org/english/news/afcl/fact-check-israel-hamas-misinformation-11082023172217.html,https://cloudfront-us-east-1.images.arcpublishing.com/radiofreeasia/42YLXAZGOGLFHV4JUVANACYA3E.png
2023-11-07,Asia Fact Check Lab,Is China a ‘level playing field’ for trade?,By Shen Ke for Asia Fact Check Lab,Verdict: Misleading,https://www.rfa.org/english/news/afcl/fact-check-china-protectionism-11072023101145.html,https://cloudfront-us-east-1.images.arcpublishing.com/radiofreeasia/E77MC7CBG277JIBYYQLSKKVTKE.png
2023-10-26,Asia Fact Check Lab,Did Biden claim he was born in Israel?,By Zhuang Jing for Asia Fact Check Lab,Verdict: False,https://www.rfa.org/english/news/afcl/fact-check-biden-israel-10262023152540.html,https://cloudfront-us-east-1.images.arcpublishing.com/radiofreeasia/TSW3RT4F7JV54QVHRWOP3Z4JZQ.png
2023-10-24,Asia Fact Check Lab,From Netanyahu to Egypt: False claims spread amid Israel conflicts,By Dong Zhe and Rita Cheng for Asia Fact Check Lab,AFCL debunks two images widely shared online in false context.,https://www.rfa.org/english/news/afcl/netanyahu-egypt-china-10242023112641.html,https://cloudfront-us-east-1.images.arcpublishing.com/radiofreeasia/THCZKNIGWHPKCW6CFA4QQFD63Q.png
2023-10-23,Asia Fact Check Lab,Did Israel defense minister say rules of war are abolished in Gaza?,By Rita Cheng for Asia Fact Check Lab,Verdict: False,https://www.rfa.org/english/news/afcl/fact-check-gaza-rules-of-war-10232023132942.html,https://cloudfront-us-east-1.images.arcpublishing.com/radiofreeasia/5BH5RPSKGNZCXCGTD64GZ476II.png
2023-10-17,Asia Fact Check Lab,Has the National Security Law improved Hong Kong’s press freedom?,By Rita Cheng for Asia Fact Check Lab,Verdict: Misleading,https://www.rfa.org/english/news/afcl/fact-check-hong-kong-national-security-law-10172023162145.html,https://cloudfront-us-east-1.images.arcpublishing.com/radiofreeasia/2U64VJJHXMUJVJSIQWXOVXS7IY.png
2023-10-11,Asia Fact Check Lab,Did the White House issue memo to fund Israel for Gaza conflict?,By Rita Cheng for Asia Fact Check Lab,Verdit: False,https://www.rfa.org/english/news/afcl/fact-check-hamas-10112023132904.html,https://cloudfront-us-east-1.images.arcpublishing.com/radiofreeasia/5MJ6M5CHELUXPYZKYIEYMLHAMI.png
2023-10-10,Asia Fact Check Lab,Did the Biden administration announce FBI layoffs?,By Zhuang Jing for Asia Fact Check Lab,Verdict: False,https://www.rfa.org/english/news/afcl/fact-check-biden-fbi-layoffs-10102023125700.html,https://cloudfront-us-east-1.images.arcpublishing.com/radiofreeasia/FVC5WDGDBPJ6FLZK5YX743ZFJU.png
2023-10-06,Asia Fact Check Lab,Did Russia destroy US ship bearing uranium munitions to Ukraine?,By Dong Zhe for Asia Fact Check Lab,Verdict: False,https://www.rfa.org/english/news/afcl/fact-check-uranium-ukraine-10062023163744.html,https://cloudfront-us-east-1.images.arcpublishing.com/radiofreeasia/HURR26UW5WLMDROJ7WUQXMP73M.png
2023-10-05,Asia Fact Check Lab,Does the US adhere to the ‘One China principle’?,By Zhuang Jing for Asia Fact Check Lab,Verdict: False,https://www.rfa.org/english/news/afcl/fact-check-one-china-10052023103644.html,https://cloudfront-us-east-1.images.arcpublishing.com/radiofreeasia/WHKS5BB7JP7HU54C4PMLRFNFUA.png
2023-10-03,Asia Fact Check Lab,Did Chinese media ignore South Korean PM’s visit to China?,By Taejun Kang for RFA,Verdict: False,https://www.rfa.org/english/news/afcl/fact-check-china-skorea-10032023125957.html,https://cloudfront-us-east-1.images.arcpublishing.com/radiofreeasia/JQPUMW2FYGLZ7MNQV5XKES64YU.png
2023-09-26,Asia Fact Check Lab,Did a US official deny  the Chinese balloon’s spying activities?,By Zhuang Jing for Asia Fact Check Lab,Verdict: False,https://www.rfa.org/english/news/afcl/fact-check-balloon-09262023134937.html,https://cloudfront-us-east-1.images.arcpublishing.com/radiofreeasia/NXH6Z3OTRLDI3N5S7QXH7REO7I.png
2023-09-21,Asia Fact Check Lab,Does BRICS have 84 official members?,By Taejun Kang for RFA,Verdict: False,https://www.rfa.org/english/news/afcl/fact-check-brics-09212023163138.html,https://cloudfront-us-east-1.images.arcpublishing.com/radiofreeasia/7OAWZCZY76JURHZQFQGM2SYW2M.png
2023-09-20,Asia Fact Check Lab,Does a Taiwan-funded Paraguayan university exist in name only?,By Zhuang Jing for Asia Fact Check Lab,Verdict: False,https://www.rfa.org/english/news/afcl/taiwan-paraguay-university-09202023151049.html,https://cloudfront-us-east-1.images.arcpublishing.com/radiofreeasia/JITXFS4RKPTZ5L4JSVFNQJV7WY.png
2023-09-19,Asia Fact Check Lab,Has the US cut off all aid to Afghanistan since 2021?,By Shen Ke for Asia Fact Check Lab,Verdict: Misleading,https://www.rfa.org/english/news/afcl/fact-check-us-afghan-aid-09192023122904.html,https://cloudfront-us-east-1.images.arcpublishing.com/radiofreeasia/HQ7LUNST3JTBZW3DJCJNKCZX3A.png
2023-09-18,Asia Fact Check Lab,Did Raimondo feature in Huawei ads shown in Time Square?,By Dong Zhe for Asia Fact Check Lab,Verdict: Partially False,https://www.rfa.org/english/news/afcl/fact-check-raimondo-09182023100621.html,https://cloudfront-us-east-1.images.arcpublishing.com/radiofreeasia/YW2GL2CK4X3BEEWMVCO3GH4JLI.png
2023-09-15,Asia Fact Check Lab,Did Flight 77 never crash into the Pentagon during 9/11 attacks?,By Rita Cheng for Asia Fact Check Lab,Verdict: False,https://www.rfa.org/english/news/afcl/fact-check-911-09152023102155.html,https://cloudfront-us-east-1.images.arcpublishing.com/radiofreeasia/BTZECNMLELIIFRXPBEJ3LNZSSM.png
2023-09-14,Asia Fact Check Lab,Is the UK’s new security act comparable with Hong Kong’s security law?,By AFCL,Verdict: Misleading,https://www.rfa.org/english/news/afcl/fact-check-uk-security-law-09142023101439.html,https://cloudfront-us-east-1.images.arcpublishing.com/radiofreeasia/LFPBIR2NSMFNHPJ4LBOUMGDQXE.png
2023-09-06,Asia Fact Check Lab,Five viral rumors about Fukushima water: DEBUNKED,By Rita Cheng for Asia Fact Check Lab,"From salt to seafood, AFCL looked into 5 of the most prevalent rumors circulating in China.",https://www.rfa.org/english/news/afcl/fact-check-fukushima-rumors-09062023123703.html,https://cloudfront-us-east-1.images.arcpublishing.com/radiofreeasia/X33BGUCS2HWNBWCMD3IOMSNJLY.png
2023-09-05,Asia Fact Check Lab,Xiaohongshu: Innocent lifestyle app or another security risk?,By Dong Zhe and Zhuang Jing for Asia Fact Check Lab,"The Chinese social media app, which means “Little Red Book,” has taken off in Taiwan.",https://www.rfa.org/english/news/afcl/fact-check-xiaohongshu-09052023143921.html,https://cloudfront-us-east-1.images.arcpublishing.com/radiofreeasia/JVMJJXK2IJROKPWBOHHBMCUAGM.png
2023-08-31,Asia Fact Check Lab,Can ‘almost 100%’ of Tibetans speak their ethnic language?,By Dong Zhe for Asia Fact Check Lab,Verdict: False,https://www.rfa.org/english/news/afcl/fact-check-tibetan-08312023144305.html,https://cloudfront-us-east-1.images.arcpublishing.com/radiofreeasia/7F5GBFHBQCFM6Y5FBF4GA4ITEU.png
2023-08-23,Asia Fact Check Lab,Did Chinese media air genuine footage of latest army drills near Taiwan?,By Dong Zhe for Asia Fact Check Lab,Verdict: Misleading,https://www.rfa.org/english/news/afcl/fact-check-taiwan-footage-08232023095554.html,https://cloudfront-us-east-1.images.arcpublishing.com/radiofreeasia/SGM6FMWKFCFVQUU6EKZIJMHKME.png
2023-08-22,Asia Fact Check Lab,Is India’s ban on ‘Chinese kite string’ Sinophobic?,By Dong Zhe for Asia Fact Check Lab,Verdict: False,https://www.rfa.org/english/news/afcl/fact-check-kite-string-08222023122424.html,https://cloudfront-us-east-1.images.arcpublishing.com/radiofreeasia/WHSD6SC6SH4F5WYWIGWTPHFHV4.png
2023-08-21,Asia Fact Check Lab,Are Americans more illiterate than they were 70 years ago?,By Zhuang Jing for Asia Fact Check Lab,Verdict: Misleading,https://www.rfa.org/english/news/afcl/fact-check-literacy-08212023101223.html,https://cloudfront-us-east-1.images.arcpublishing.com/radiofreeasia/6OBTWBDPIUWNTRWNT277BF7NAM.png
2023-08-18,Asia Fact Check Lab,Were Maui wildfires caused by a US weapons test?,By Rita Cheng for Asia Fact Check Lab,Verdict: False,https://www.rfa.org/english/news/afcl/fact-check-hawaii-fires-08182023124714.html,https://cloudfront-us-east-1.images.arcpublishing.com/radiofreeasia/QQG7VH63ULPMVCQ2QR2XQ63JVU.png
2023-08-15,Asia Fact Check Lab,Did ‘Biden’s restrictions’ on Chinese goods cause panic buying in the US?,By Zhuang Jing for Asia Fact Check Lab,Verdict: False,https://www.rfa.org/english/news/afcl/fact-check-tvs-08152023123923.html,https://cloudfront-us-east-1.images.arcpublishing.com/radiofreeasia/3YH3FFEJYB24P2GCLQZ3EOVBTQ.png
2023-08-14,Asia Fact Check Lab,Will US break APEC rules if Hong Kong leader barred from summit?,By Rita Cheng for Asia Fact Check Lab,Verdict: Misleading,https://www.rfa.org/english/news/afcl/afcl-hk-apec-08132023231018.html,https://cloudfront-us-east-1.images.arcpublishing.com/radiofreeasia/KWFZFZDQFY6RO7XCI5OH3DQ24E.png
2023-08-11,Asia Fact Check Lab,Did China publish more research in top scientific journals than US in 2022?,By Dong Zhe for Asia Fact Check Lab,Verdict: Partly true,https://www.rfa.org/english/news/afcl/afcl-china-papers-08112023011204.html,https://cloudfront-us-east-1.images.arcpublishing.com/radiofreeasia/C3TVYXISSGLC5EANT7EBJQFF2E.png
2023-08-07,Asia Fact Check Lab,Did US falsify medal tally in the 2023 World Aquatics Championships?,By Dong Zhe for Asia Fact Check Lab,Verdict: False,https://www.rfa.org/english/news/afcl/afcl-us-medal-tally-08072023002546.html,https://cloudfront-us-east-1.images.arcpublishing.com/radiofreeasia/XDBPKNPMY3NBSFJM6IJK4O77AM.png
2023-08-04,Asia Fact Check Lab,Has the UK built a floating prison for illegal immigrants?,By Dong Zhe for Asia Fact Check Lab,Verdict: False,https://www.rfa.org/english/news/afcl/afcl-uk-floating-prison-08042023013214.html,https://cloudfront-us-east-1.images.arcpublishing.com/radiofreeasia/7Q37IGSKVS4AQBULJVVO6KJJRQ.png
2023-08-01,Asia Fact Check Lab,Did the US ask Taiwan to develop a bioweapon targeting Chinese DNA?,By Chih Te Lee and Dong Zhe for Asia Fact Check Lab,Verdict: Lack of Evidence,https://www.rfa.org/english/news/afcl/fact-check-bioweapon-lab-07312023234448.html,https://cloudfront-us-east-1.images.arcpublishing.com/radiofreeasia/DFE6SXBKFPRP4Y2XB6ZOLDLRO4.png
2023-07-19,Asia Fact Check Lab,"A look at how Beijing influences Chinese media, diaspora in Malaysia",Asia Fact Check Lab,"Subtle coercion through embassy keep Malaysian Chinese press mostly pro-Beijing, Asia Fact Check Lab found.",https://www.rfa.org/english/news/afcl/malaysia-chinese-press-07192023095502.html,https://cloudfront-us-east-1.images.arcpublishing.com/radiofreeasia/UXWBX6OTLDOW5PEXZL3I6UCXFY.jpg
2023-07-13,Asia Fact Check Lab,Did a US Defense Department official downplay civilian casualties from cluster bombs?,By Zhuang Jing for Asia Fact Check Lab,CCTV and other Chinese media outlets twisted Colin Kahl’s remarks on Ukraine and spread misinformation.,https://www.rfa.org/english/news/afcl/china-usa-cluster-07132023111145.html,https://cloudfront-us-east-1.images.arcpublishing.com/radiofreeasia/WXI5LVHBGYU3FF3S6E3ACFU4GY.png
2023-07-11,Asia Fact Check Lab,"China’s social media coverage of French riots rife with misinformation, distortion",By Dong Zhe for Asia Fact Check Lab,Many accounts of the strife in France used photos from older incidents or otherwise misrepresented the event.,https://www.rfa.org/english/news/afcl/china-france-riots-07112023154206.html,https://cloudfront-us-east-1.images.arcpublishing.com/radiofreeasia/AL6RXMJQOLU43YVSKFITGTQYRI.png
2023-07-05,Asia Fact Check Lab,Did U.S. media confirm that the CIA gave the Wagner Group US$6.2 billion?,By Zhuang Jing and Rita Cheng,Verdict: False,https://www.rfa.org/english/news/afcl/fact-check-wagner-cia-07052023144421.html,https://cloudfront-us-east-1.images.arcpublishing.com/radiofreeasia/M6HPV5GV7UUC73CC5BRFDA4ORU.png
2023-06-27,Asia Fact Check Lab,Is Japan’s plan to release Fukushima wastewater unscientific and unilateral?,By Rita Cheng,China's claims about Japan's wastewater disposal plan ignore key facts and are misleading.,https://www.rfa.org/english/news/afcl/china-fukushima-wastewater-06272023133816.html,https://cloudfront-us-east-1.images.arcpublishing.com/radiofreeasia/XYENSUYAU7BHTV64PPTE37ZNEM.png
2023-06-21,Asia Fact Check Lab,Is China a developing country? What does international law say about its status?,By  Shen Ke,Verdict: Partially Correct,https://www.rfa.org/english/news/afcl/china-economy-status-06212023130558.html,https://cloudfront-us-east-1.images.arcpublishing.com/radiofreeasia/XSSC3LGMDVQG7AEPNELYYQLMXQ.jpg
2023-06-20,Asia Fact Check Lab,Did an 'internal speech' by China’s foreign minister forecast a war with the U.S.?,By Zhuang Jing,Audio clip is likely a manipulation and created by a netizen to spread misinformation.,https://www.rfa.org/english/news/afcl/fact-check-qin-audio-06202023151155.html,https://cloudfront-us-east-1.images.arcpublishing.com/radiofreeasia/RK4H6KYOCKJGSLREUFBC6HHBRY.png
2023-06-07,Asia Fact Check Lab,Media Watch: China’s mixed signals on Russo-Ukrainian war,By Zhuang Jing for RFA,"China has portrayed itself as neutral player, sympathetic to Moscow and peacemaker",https://www.rfa.org/english/news/afcl/afcl-ukraine-war-06072023105056.html,https://cloudfront-us-east-1.images.arcpublishing.com/radiofreeasia/ZQ3QQ3PI54YCCIXIPI35UFPZHY.png
2023-06-02,Asia Fact Check Lab,Have US comics faced punishment for jokes about the army like in China?,By Rita Cheng,Verdict: Misleading,https://www.rfa.org/english/news/afcl/china-usa-comedians-06022023170220.html,https://cloudfront-us-east-1.images.arcpublishing.com/radiofreeasia/Z4PN4ORQSIOQWHKXJU3OSPRXZI.jpg
2023-05-08,Asia Fact Check Lab,Do the Cairo and Potsdam Declarations “restore” Taiwan to China?,RFA Staff,Neither declaration attempts to settle control over Taiwan.,https://www.rfa.org/english/news/afcl/fact-check-potsdam-05082023093502.html,https://cloudfront-us-east-1.images.arcpublishing.com/radiofreeasia/G7YIEUHENKBXTGIVGJT5QHNFFQ.png
2023-05-03,Asia Fact Check Lab,Are Uyghur children in pods being imprisoned and brutalized?,By Dong Zhe,Videos actually show children being treated for cerebral palsy.,https://www.rfa.org/english/news/afcl/fact-check-children-pods-05032023093658.html,https://cloudfront-us-east-1.images.arcpublishing.com/radiofreeasia/J26EEW3JO4N3N2KAWVORZJFACM.png
2023-05-01,Asia Fact Check Lab,Is China engaged in dollar diplomacy?,By Rita Cheng and Shen Ke,Beijing has used promises of aid and investment to get countries to switch recognition from Taiwan,https://www.rfa.org/english/news/afcl/china-dollar-diplomacy-05012023094312.html,https://cloudfront-us-east-1.images.arcpublishing.com/radiofreeasia/ZOLXIIVFZ24VVKKU3V7HPBVMKA.png
2023-04-20,Asia Fact Check Lab,Is the Taiwan Strait open to international vessels under international law?,By Li Tong,Verdict: True,https://www.rfa.org/english/news/afcl/fact-check-taiwan-strait-04202023105536.html,https://cloudfront-us-east-1.images.arcpublishing.com/radiofreeasia/GMRQMJLCPZFFSU2YIABKM5NH2I.png
2023-04-18,Asia Fact Check Lab,Did the Chinese military launch missiles into Taiwan’s airspace?,,Social media frenzy over old maps and other distorted info spurred speculation that an invasion was imminent.,https://www.rfa.org/english/news/afcl/fact-check-taiwan-invasion-04182023144115.html,https://cloudfront-us-east-1.images.arcpublishing.com/radiofreeasia/GRS36SH2AD4RA7YMTHC4YIAW4Y.png
2023-04-12,Asia Fact Check Lab,Did Memphis Zoo officials hurt two pandas there?,By Dong Zhe & Shen Ke,Verdict: False,https://www.rfa.org/english/news/afcl/fact-check-pandas-04122023103132.html,https://cloudfront-us-east-1.images.arcpublishing.com/radiofreeasia/QHLOX3Y4TTBECFLURQMEIJGECE.jpg
2023-04-09,Asia Fact Check Lab,Asia Fact Check Lab: Will patients infected by a fungus in the U.S. die in 90 days?,Author: Dong Che,Verdict: Misleading,https://www.rfa.org/english/news/afcl/fact-check-fungus-04072023160034.html,https://cloudfront-us-east-1.images.arcpublishing.com/radiofreeasia/QGT2CCFSVRXNJXC3GIOGSSVXJE.png
2023-04-07,Asia Fact Check Lab,Asia Fact Check Lab: Did Tsai’s McCarthy meeting  violate the ‘One-China’ principle?,Zheng Chongsheng,Verdict: Misleading,https://www.rfa.org/english/news/afcl/fact-check-one-china-tsai-04072023140725.html,https://cloudfront-us-east-1.images.arcpublishing.com/radiofreeasia/SUXVXTBZ2REN5WANKYX5644KAY.jpg
2023-04-04,Asia Fact Check Lab,Asia Fact Check Lab: Was Tsai Ing-wen “coolly received” while in New York?,By Emma,Verdict: Misleading,https://www.rfa.org/english/news/afcl/fact-check-tsai-visits-04042023181145.html,https://cloudfront-us-east-1.images.arcpublishing.com/radiofreeasia/JVJR45W5YXXMJLWICZXXDMGJFA.jpg
2023-04-03,Asia Fact Check Lab,Asia Fact Check Lab: Is China’s government the most trusted in the world?,By Shen Ke,Verdict: Misleading,https://www.rfa.org/english/news/afcl/fact-check-edelman-04022023204833.html,https://cloudfront-us-east-1.images.arcpublishing.com/radiofreeasia/4BOCG6C443X7V5FGPZKVHDX2EA.jpg
2023-03-28,Asia Fact Check Lab,Asia Fact Check Lab: Is discussing unification the reason behind Ma’s China trip?,Author: Li Tong,Verdict: Out of Context,https://www.rfa.org/english/news/afcl/fact-check-ma-trip-03282023133257.html,https://cloudfront-us-east-1.images.arcpublishing.com/radiofreeasia/QTCVOLZZSQNQDGIEUCEB6VDV4A.jpg
2023-03-25,Asia Fact Check Lab,Asia Fact Check Lab: Did Putin kneel before Xi Jinping?,By Dong Zhe,Verdict: False,https://www.rfa.org/english/news/afcl/fact-check-putin-kneeling-03252023120422.html,https://cloudfront-us-east-1.images.arcpublishing.com/radiofreeasia/CJWC2XXZ5HPIZWJXF3K3FWQACY.jpg
2023-03-24,Asia Fact Check Lab,Asia Fact Check Lab: Can TikTok share US user data with China’s government?,By Shen Ke,Verdict: True,https://www.rfa.org/english/news/afcl/fact-check-tiktok-03242023144611.html,https://cloudfront-us-east-1.images.arcpublishing.com/radiofreeasia/BIWRKBN6Z2FQQQSGC5LJ6FG45Q.png
2023-03-22,Asia Fact Check Lab,Asia Fact Check Lab: Did the U.S. military steal Chinese relief supplies for Syria?,By Zhuang Jing,Verdict: Mistaken,https://www.rfa.org/english/news/afcl/fact-check-tent-bag-03222023102733.html,https://cloudfront-us-east-1.images.arcpublishing.com/radiofreeasia/LHYIDST44WO7ZGROESKI62S3UI.jpg
2023-03-12,Asia Fact Check Lab,What happens when ChatGPT meets censorship?,"By Dong Zhe, Shi Shan for Asia Fact Check Lab","Questions about Tiananmen Square, Dalai Lama generated different responses depending on language",https://www.rfa.org/english/news/afcl/fact-check-chatgpt-03122023112739.html,https://cloudfront-us-east-1.images.arcpublishing.com/radiofreeasia/2VLLQDD3WSOY4IF4HOMHP6X7AI.png
2023-03-06,Asia Fact Check Lab,Asia Fact Check Lab: Does China have sovereign rights to patrol around Ayungin Shoal?,By Dong Zhe,VERDICT: Misleading,https://www.rfa.org/english/news/afcl/laser-03062023181028.html,https://cloudfront-us-east-1.images.arcpublishing.com/radiofreeasia/7LJNOCBMBKGQZS7F725KG5MZLA.jpg
2023-02-19,China,Are U.S. sanctions against Syria hindering humanitarian relief efforts?,By Zhuang Jing,Verdict: Misleading,https://www.rfa.org/english/news/china/china-syria-aid-02192023082954.html,https://cloudfront-us-east-1.images.arcpublishing.com/radiofreeasia/KWNDAZRFJKP4DXUO3M3FBXITVY.png
2023-02-12,China,Asia Fact Check Lab: Has the U.S. nuclear arsenal increased since 2017?,By Chen Ke,VERDICT: Mistaken.,https://www.rfa.org/english/news/china/factcheck-nukes-02092023132510.html,https://cloudfront-us-east-1.images.arcpublishing.com/radiofreeasia/LU2BJK5XYMX4BE66IWJL2BN2E4.png
2023-01-03,China,Asia Fact Check Lab: Did a Pfizer executive die from COVID?,By Tao Lin,Verdict: FALSE,https://www.rfa.org/english/news/china/fact-check-pfizer-01022023214726.html,https://cloudfront-us-east-1.images.arcpublishing.com/radiofreeasia/VZT6D5Y5OFXBW7IOUP7QPNLFMU.jpg
2022-12-17,China,"Asia Fact Check Lab: Are 70,000 master's degree holders in China delivering food?",By Emma Lee,Verdict: TRUE,https://www.rfa.org/english/news/china/fact-check-deliver-drivers-12162022155355.html,https://cloudfront-us-east-1.images.arcpublishing.com/radiofreeasia/2VQ3AWLNS55QQ5KS3NKK42G53Y.jpg
2022-12-08,China,Asia Fact Check  Lab: Was the fire in Urumqi unrelated to the ‘Zero-COVID’ policy?,By Emma Lee,Verdict: MISLEADING,https://www.rfa.org/english/news/china/fact-check-fire-12082022140009.html,https://cloudfront-us-east-1.images.arcpublishing.com/radiofreeasia/7EXATS6L76FQUT3XTX77ZGEF2A.jpg
2022-11-23,China,Asia Fact Check Lab: Is the US using AI to manipulate facts about Xinjiang?,,Verdict: MISLEADING,https://www.rfa.org/english/news/china/china-factcheck-stanford-11232022144631.html,https://cloudfront-us-east-1.images.arcpublishing.com/radiofreeasia/U5WIOBWK3EFTL4HCBIBWUR6MQQ.png
2022-11-19,China,Asia Fact Check Lab: Did NATO donate HIV-infected blood to Ukraine?,"By Cynthia M., Asia Fact Check Lab",Verdict: FALSE,https://www.rfa.org/english/news/china/tainted-blood-11182022153014.html,https://cloudfront-us-east-1.images.arcpublishing.com/radiofreeasia/Z7E3AVIM5IYLEW3XLUW3MMYIFE.png
